"Head","DRD","Count","Comm_freq"
1,-11,17289,0.323095609925386
1,-10,75429,0.269379151254822
1,-9,137885,0.084048301120499
1,-8,63118,0.0622484869609303
1,-7,191378,0.0528326139890688
1,-6,47009,0.0380352698419452
1,-5,46342,0.299684951016357
1,-4,9675,0.295297157622739
1,-3,9676,1.35582885489872
1,-2,1300,2.94461538461538
1,-1,1308,16.2087155963303
1,0,512663,NA
1,1,1308,18.7935779816514
1,2,1300,4.89
1,3,9676,1.85107482430757
1,4,9675,0.477829457364341
1,5,46342,0.300159682361573
1,6,47009,0.0461188283094726
1,7,191378,0.0839647190377159
1,8,63118,0.0553091035837637
1,9,137885,0.0536534068245277
1,10,75429,0.124898911559215
1,11,17289,0.141592920353982
2,-9,11400,0.0251754385964912
2,-8,11100,0.0227927927927928
2,-7,56238,0.0391016750240051
2,-6,22677,0.057062221634255
2,-5,29688,0.10030988951765
2,-4,4676,0.125962360992301
2,-3,5084,0.617033831628639
2,-2,644,1.71583850931677
2,-1,652,18.6963190184049
2,0,142091,NA
2,1,652,22.5444785276074
2,2,644,4.52329192546584
2,3,5084,0.874704956726987
2,4,4676,0.28721129170231
2,5,29688,0.138439773645918
2,6,22677,0.0967059134806191
2,7,56238,0.0357409580710552
2,8,11100,0.0168468468468468
2,9,11400,0.0423684210526316
3,-10,259,NA
3,-9,6643,0.00692458226704802
3,-8,13669,0.0127295339820031
3,-7,38038,0.0125926704874073
3,-6,19362,0.0267534345625452
3,-5,24758,0.0775102997011067
3,-4,5104,0.161833855799373
3,-3,5953,1.36166638669578
3,-2,541,2.21072088724584
3,-1,553,26.873417721519
3,0,77156,NA
3,1,553,35.0705244122966
3,2,541,4.07393715341959
3,3,5953,1.54896690744163
3,4,5104,0.24294670846395
3,5,24758,0.0918894902657727
3,6,19362,0.0340873876665634
3,7,38038,0.016983016983017
3,8,13669,0.0163874460457971
3,9,6643,0.0155050429023032
3,10,259,NA
4,-12,162,NA
4,-11,1206,NA
4,-10,2124,NA
4,-9,1971,0.000507356671740233
4,-8,1785,NA
4,-7,5342,0.0904155746911269
4,-6,2270,0.0625550660792952
4,-5,4341,0.391614835291408
4,-4,1269,0.444444444444444
4,-3,1396,1.64255014326648
4,-2,233,3.10729613733906
4,-1,241,22.5933609958506
4,0,13884,NA
4,1,241,25.9294605809129
4,2,233,5.41630901287554
4,3,1396,2.33954154727794
4,4,1269,0.978723404255319
4,5,4341,0.479382630730247
4,6,2270,0.0731277533039648
4,7,5342,0.0960314488955447
4,8,1785,NA
4,9,1971,NA
4,10,2124,NA
4,11,1206,NA
4,12,162,NA
5,-7,203,0.00492610837438424
5,-6,259,0.0115830115830116
5,-5,2093,0.865742952699474
5,-4,552,0.800724637681159
5,-3,754,2.97480106100796
5,-2,101,5.94059405940594
5,-1,112,32.3125
5,0,4621,NA
5,1,112,39.5803571428571
5,2,101,11.6336633663366
5,3,754,3.52122015915119
5,4,552,0.992753623188406
5,5,2093,0.947921643573817
5,6,259,0.027027027027027
5,7,203,0.0344827586206897
6,-9,4581,0.00283780833879066
6,-8,3388,0.0200708382526564
6,-7,4648,0.03184165232358
6,-6,4025,0.0847204968944099
6,-5,3544,0.369638826185102
6,-4,1646,0.826245443499392
6,-3,2606,1.14850345356869
6,-2,253,3.01185770750988
6,-1,261,16.0306513409962
6,0,18740,NA
6,1,261,17.904214559387
6,2,253,5.01581027667984
6,3,2606,1.31158864159632
6,4,1646,1.03645200486027
6,5,3544,0.437923250564334
6,6,4025,0.154782608695652
6,7,4648,0.0393717728055077
6,8,3388,0.0658205430932704
6,9,4581,0.00196463654223969
7,-13,13869,0.000288413007426635
7,-12,42036,0.000333047863735845
7,-11,2785649,0.00754904871360319
7,-10,1808249,0.0059941965957122
7,-9,7073329,0.00812022175131398
7,-8,1801691,0.00665541427470082
7,-7,2830066,0.0276361045996807
7,-6,582407,0.0353532838719315
7,-5,535778,0.171701712276353
7,-4,82370,0.192934320747845
7,-3,71645,0.786628515597739
7,-2,7313,1.38274306030357
7,-1,7321,16.0356508673678
7,0,18328238,NA
7,1,7321,18.509356645267
7,2,7313,2.4498837686312
7,3,71645,0.964365971107544
7,4,82370,0.335838290639796
7,5,535778,0.197466114696759
7,6,582407,0.0569395628830011
7,7,2830066,0.0303964642520704
7,8,1801691,0.0084681557492378
7,9,7073329,0.0103738989095516
7,10,1808249,0.0076560252487351
7,11,2785649,0.00751638128134593
7,12,42036,0.000142734798743934
7,13,13869,NA
8,-9,15978,0.0285392414570034
8,-8,36269,0.0656483498304337
8,-7,126559,0.0836526837285377
8,-6,21628,0.0964952838912521
8,-5,48905,0.187342807483897
8,-4,7502,0.217541988802986
8,-3,7248,0.960954746136865
8,-2,903,1.18826135105205
8,-1,914,15.3949671772429
8,0,305413,NA
8,1,914,16.2833698030635
8,2,903,2.16389811738649
8,3,7248,1.22130242825607
8,4,7502,0.353239136230339
8,5,48905,0.194049688170944
8,6,21628,0.0835491030146107
8,7,126559,0.0760672887744056
8,8,36269,0.0674405139375224
8,9,15978,0.038365252221805
9,-15,2128,NA
9,-14,5760,0.000173611111111111
9,-13,241405,0.000194693564756322
9,-12,666168,0.000387289692690132
9,-11,2829427,0.00141159323071421
9,-10,1756608,0.00415744434728751
9,-9,5054924,0.00462776492782087
9,-8,1425197,0.0147137553615395
9,-7,1912820,0.049952949049048
9,-6,394579,0.0750901593850661
9,-5,407918,0.218906741060703
9,-4,60596,0.279820450194732
9,-3,69678,1.04764775108356
9,-2,6515,1.92279355333845
9,-1,6522,16.2115915363385
9,0,12869039,NA
9,1,6522,19.1936522539098
9,2,6515,3.80306983883346
9,3,69678,1.42413674330492
9,4,60596,0.613010759786125
9,5,407918,0.258498031467109
9,6,394579,0.105834319616604
9,7,1912820,0.056408862308006
9,8,1425197,0.0221057159115547
9,9,5054924,0.00712176879415002
9,10,1756608,0.0106677186942107
9,11,2829427,0.000698021189449313
9,12,666168,5.55415450757167e-05
9,13,241405,3.31393301712889e-05
9,14,5760,NA
9,15,2128,NA
10,-15,1358,NA
10,-14,8830,0.00702151755379388
10,-13,523330,0.000496818451072937
10,-12,1517171,0.000311105340136346
10,-11,10901088,0.00130574122509606
10,-10,4931068,0.00251020671383968
10,-9,16333015,0.00397391418547036
10,-8,3669503,0.00843738239211141
10,-7,4674625,0.0301339679653448
10,-6,883888,0.0372185163731151
10,-5,707696,0.202334053039723
10,-4,112808,0.281097085313098
10,-3,103827,1.17948125246805
10,-2,11709,2.14382099239901
10,-1,11717,17.2990526585303
10,0,48528258,NA
10,1,11717,20.0578646411197
10,2,11709,3.82090699461952
10,3,103827,1.53423483294326
10,4,112808,0.582565066307354
10,5,707696,0.256474531437227
10,6,883888,0.0571610882826784
10,7,4674625,0.0328413509105008
10,8,3669503,0.00813979440812557
10,9,16333015,0.00362970339523964
10,10,4931068,0.00213706239703042
10,11,10901088,0.000973756014078597
10,12,1517171,0.000396791132970509
10,13,523330,0.00106815966980681
10,14,8830,0.00509626274065685
10,15,1358,NA
11,-15,2,NA
11,-14,411,NA
11,-13,4260,0.0185446009389671
11,-12,23531,0.0171688411032255
11,-11,77323,0.0168513896253379
11,-10,106804,0.0303921201453129
11,-9,254967,0.0365929708550518
11,-8,156483,0.0319970859454382
11,-7,296828,0.0428194105677362
11,-6,64163,0.0525380671103284
11,-5,80139,0.202123809880333
11,-4,15753,0.246365771599061
11,-3,16595,0.931786682735764
11,-2,1698,1.73733804475854
11,-1,1710,14.2707602339181
11,0,726187,NA
11,1,1710,16.3865497076023
11,2,1698,3.17608951707892
11,3,16595,1.08767701114794
11,4,15753,0.389322668698026
11,5,80139,0.211769550406169
11,6,64163,0.0778330190296588
11,7,296828,0.0468924764510086
11,8,156483,0.035326521091748
11,9,254967,0.0313452329124946
11,10,106804,0.0286412493914086
11,11,77323,0.0167349947622312
11,12,23531,0.0133865964047427
11,13,4260,0.0194835680751174
11,14,411,NA
11,15,2,NA
12,-15,36,NA
12,-14,865,NA
12,-13,4862,NA
12,-12,26184,0.00152765047357165
12,-11,64051,0.0013426800518337
12,-10,55657,0.00285678351330471
12,-9,93878,0.0633481752913356
12,-8,54420,0.0704336640940831
12,-7,65139,0.0575845499623881
12,-6,24474,0.126542453215657
12,-5,29236,0.27784238609933
12,-4,7318,0.34968570647718
12,-3,9122,1.44661258495944
12,-2,1028,2.57684824902724
12,-1,1036,12.3803088803089
12,0,200757,NA
12,1,1036,15.9662162162162
12,2,1028,3.20330739299611
12,3,9122,1.50723525542644
12,4,7318,0.503142935228204
12,5,29236,0.388220002736352
12,6,24474,0.172427882650977
12,7,65139,0.0812109488939038
12,8,54420,0.152352076442484
12,9,93878,0.143260401798078
12,10,55657,0.0108342167202688
12,11,64051,0.00260729730995613
12,12,26184,0.00408646501680416
12,13,4862,NA
12,14,865,NA
12,15,36,NA
13,-15,96,NA
13,-14,204,NA
13,-13,5201,NA
13,-12,22870,0.00139921294271972
13,-11,101424,0.00431850449597728
13,-10,181922,0.0033256010817823
13,-9,522800,0.0107899770466718
13,-8,221253,0.0196291123736175
13,-7,383053,0.0248973379662866
13,-6,94597,0.0384367368944047
13,-5,85923,0.275828357948396
13,-4,16091,0.598409048536449
13,-3,14703,2.13010950146229
13,-2,2107,4.10061699098244
13,-1,2119,28.3459178857952
13,0,1185674,NA
13,1,2119,32.524303916942
13,2,2107,6.89416231608923
13,3,14703,2.3852275045909
13,4,16091,0.917034367037474
13,5,85923,0.276887445736299
13,6,94597,0.0423057813672738
13,7,383053,0.0239836262867018
13,8,221253,0.0224991299553
13,9,522800,0.0100191277735272
13,10,181922,0.0048537285210145
13,11,101424,0.00856799179681338
13,12,22870,0.00144293834717971
13,13,5201,0.00038454143433955
13,14,204,NA
13,15,96,NA
14,-10,663,NA
14,-9,1215,NA
14,-8,1026,NA
14,-7,5263,0.0640319209576287
14,-6,2125,0.105882352941176
14,-5,4399,0.397590361445783
14,-4,1065,0.862910798122066
14,-3,1123,2.36509349955476
14,-2,217,4.5668202764977
14,-1,222,25.545045045045
14,0,15093,NA
14,1,222,29.536036036036
14,2,217,6.37327188940092
14,3,1123,2.61353517364203
14,4,1065,2.33896713615023
14,5,4399,0.435553534894294
14,6,2125,0.0804705882352941
14,7,5263,0.0989929697890937
14,8,1026,0.0165692007797271
14,9,1215,0.00493827160493827
14,10,663,NA
15,-7,5168,0.19233746130031
15,-6,1407,0.122245913290689
15,-5,4961,0.491433178794598
15,-4,1278,0.355242566510172
15,-3,1213,1.11376751854905
15,-2,206,2.14077669902913
15,-1,214,12.2009345794393
15,0,17331,NA
15,1,214,12.5514018691589
15,2,206,2.85922330097087
15,3,1213,1.3116240725474
15,4,1278,0.490610328638498
15,5,4961,0.494255190485789
15,6,1407,0.260838663823738
15,7,5168,0.171826625386997
16,-11,20,NA
16,-10,1380,NA
16,-9,3375,0.0471111111111111
16,-8,3082,0.0298507462686567
16,-7,11083,0.16665162862041
16,-6,4059,0.15619610741562
16,-5,5875,0.480170212765957
16,-4,1457,0.812628689087165
16,-3,1592,2.16708542713568
16,-2,292,4.16438356164384
16,-1,299,25.5719063545151
16,0,24972,NA
16,1,299,38.7759197324415
16,2,292,8.23630136986301
16,3,1592,3.0358040201005
16,4,1457,1.29306794783802
16,5,5875,0.566297872340426
16,6,4059,0.174180832717418
16,7,11083,0.132003970044212
16,8,3082,0.0759247242050616
16,9,3375,0.0785185185185185
16,10,1380,0.00072463768115942
16,11,20,NA
17,-21,21464,NA
17,-20,48299,0.000393382885774033
17,-19,294866,9.49583878778835e-05
17,-18,392919,0.000180698820876567
17,-17,982104,0.00101720388064808
17,-16,1044375,0.000856971873129863
17,-15,2071117,0.00220509029668531
17,-14,2515662,0.00266768747152837
17,-13,3546537,0.00726793488972484
17,-12,2960101,0.00469646137074377
17,-11,3637202,0.00626965453114784
17,-10,2337917,0.00668757701834581
17,-9,2403135,0.011345596481263
17,-8,908266,0.0151695648631568
17,-7,922049,0.0416669829911425
17,-6,248891,0.0828876897919169
17,-5,244201,0.234368409629772
17,-4,53889,0.465549555567927
17,-3,63917,1.49827119545661
17,-2,7551,3.39941729572242
17,-1,7559,18.1258102923667
17,0,7729558,NA
17,1,7559,17.2267495700489
17,2,7551,3.43477685074825
17,3,63917,1.53192421421531
17,4,53889,0.53708549054538
17,5,244201,0.258082481234721
17,6,248891,0.109762908261046
17,7,922049,0.0468120457806472
17,8,908266,0.0204125223227557
17,9,2403135,0.0142692774230328
17,10,2337917,0.00696089724314422
17,11,3637202,0.0102405640379611
17,12,2960101,0.00557176934165422
17,13,3546537,0.00686331483359684
17,14,2515662,0.00457295137423072
17,15,2071117,0.00338609552236788
17,16,1044375,0.00191980849790545
17,17,982104,0.000905199449345487
17,18,392919,0.000460654740544489
17,19,294866,0.000213656372725238
17,20,48299,0.000351974160955713
17,21,21464,NA
18,-15,492,NA
18,-14,4156,0.0021655437921078
18,-13,23154,0.032866891249892
18,-12,32320,0.0548886138613861
18,-11,61021,0.0765638059028859
18,-10,85302,0.0842535931162224
18,-9,94597,0.114147383109401
18,-8,45333,0.119956764387973
18,-7,60841,0.158051314080965
18,-6,18651,0.191142566082248
18,-5,22120,0.366862567811935
18,-4,5666,0.58648076244264
18,-3,6059,2.0067667932002
18,-2,1028,4.8375486381323
18,-1,1041,27.4572526416907
18,0,162202,NA
18,1,1041,22.0941402497598
18,2,1028,5.48540856031128
18,3,6059,1.79022941079386
18,4,5666,0.560007059654077
18,5,22120,0.397287522603978
18,6,18651,0.162028845638304
18,7,60841,0.160944100195592
18,8,45333,0.216663357818807
18,9,94597,0.15800712496168
18,10,85302,0.136046048158308
18,11,61021,0.105766867144098
18,12,32320,0.0709467821782178
18,13,23154,0.079295154185022
18,14,4156,0.012512030798845
18,15,492,NA
19,-10,132,0.424242424242424
19,-9,1863,0.161030595813205
19,-8,1962,0.0983690112130479
19,-7,4828,0.149544324772162
19,-6,2314,0.108902333621435
19,-5,4649,0.340503334050333
19,-4,1374,0.414847161572052
19,-3,1620,2.31666666666667
19,-2,224,3.89732142857143
19,-1,229,30.4454148471616
19,0,14510,NA
19,1,229,35.7336244541485
19,2,224,5.86607142857143
19,3,1620,2.66481481481481
19,4,1374,0.895924308588064
19,5,4649,0.454076145407615
19,6,2314,0.259291270527226
19,7,4828,0.198218724109362
19,8,1962,0.0749235474006116
19,9,1863,0.120772946859903
19,10,132,0.113636363636364
20,-11,85,NA
20,-10,10,NA
20,-9,798,0.0325814536340852
20,-8,3303,0.00484408113835907
20,-7,3527,0.185426708250638
20,-6,2050,0.122439024390244
20,-5,10379,0.232585027459293
20,-4,1643,0.811320754716981
20,-3,1935,1.16279069767442
20,-2,293,2.02730375426621
20,-1,301,17.8936877076412
20,0,42556,NA
20,1,301,17.1694352159468
20,2,293,2.25255972696246
20,3,1935,1.3922480620155
20,4,1643,0.41631162507608
20,5,10379,0.295885923499374
20,6,2050,0.121951219512195
20,7,3527,0.114261411964843
20,8,3303,0.00302755071147442
20,9,798,0.0263157894736842
20,10,10,NA
20,11,85,NA
21,-11,308,NA
21,-10,4719,NA
21,-9,449021,0.00436505196861617
21,-8,210302,0.00449829293111811
21,-7,569707,0.0197031105462984
21,-6,135565,0.0196068306716335
21,-5,147682,0.07721320133801
21,-4,22590,0.124391323594511
21,-3,23436,0.627965523126813
21,-2,2210,1.65701357466063
21,-1,2222,10.2920792079208
21,0,1806205,NA
21,1,2222,14.0805580558056
21,2,2210,3.12171945701357
21,3,23436,0.882915173237754
21,4,22590,0.28614431164232
21,5,147682,0.107447082244282
21,6,135565,0.0483310589016339
21,7,569707,0.027912593666569
21,8,210302,0.0114502001883006
21,9,449021,0.00785932061084003
21,10,4719,NA
21,11,308,NA
22,-15,2507,NA
22,-14,14524,0.000275406224180667
22,-13,16231,NA
22,-12,55555,NA
22,-11,269390,0.00104309736812799
22,-10,118736,0.0012464627408705
22,-9,234016,0.00942670586626555
22,-8,104542,0.0179545063228176
22,-7,222109,0.123754552944725
22,-6,48223,0.116915164962777
22,-5,57889,0.422636424882102
22,-4,12448,0.575674807197943
22,-3,12556,2.13571201019433
22,-2,1805,3.75290858725762
22,-1,1810,22.0298342541436
22,0,935039,NA
22,1,1810,27.0845303867403
22,2,1805,6.36620498614958
22,3,12556,2.48956674100032
22,4,12448,0.740841902313625
22,5,57889,0.477102731088808
22,6,48223,0.146838645459635
22,7,222109,0.134127838133529
22,8,104542,0.0246025520843297
22,9,234016,0.00714908382332832
22,10,118736,0.00145701387953106
22,11,269390,0.000879765395894428
22,12,55555,0.000180001800018
22,13,16231,0.00166348345758117
22,14,14524,6.88515560451666e-05
22,15,2507,NA
23,-13,200,NA
23,-12,1328,0.00602409638554217
23,-11,26188,0.0224148464945777
23,-10,118465,0.0205377115603765
23,-9,307387,0.0167443645957702
23,-8,78500,0.0282420382165605
23,-7,353373,0.0344395299018318
23,-6,68990,0.0405421075518191
23,-5,106684,0.101411645607589
23,-4,19940,0.129037111334002
23,-3,19246,1.14693962381794
23,-2,2173,1.87574781408191
23,-1,2180,12.3655963302752
23,0,2547453,NA
23,1,2180,16.7756880733945
23,2,2173,4.04970087436723
23,3,19246,1.53049984412345
23,4,19940,0.268304914744233
23,5,106684,0.168703835626711
23,6,68990,0.0563414987679374
23,7,353373,0.0430734662806723
23,8,78500,0.0338853503184713
23,9,307387,0.0217543357396377
23,10,118465,0.0255180855104883
23,11,26188,0.0420421567129983
23,12,1328,0.0421686746987952
23,13,200,0.01
24,-11,33594,0.000803714949098053
24,-10,52271,0.000229572803275239
24,-9,1048566,0.00786311972732284
24,-8,270807,0.008308500149553
24,-7,528668,0.0424898045654361
24,-6,125066,0.0447843538611613
24,-5,112211,0.237810909803852
24,-4,21389,0.311187993828604
24,-3,20156,1.22221670966462
24,-2,2634,2.29802581624905
24,-1,2645,12.8034026465028
24,0,2565302,NA
24,1,2645,17.5466918714556
24,2,2634,4.45026575550494
24,3,20156,1.7360091287954
24,4,21389,0.904156342044976
24,5,112211,0.37264617550864
24,6,125066,0.140197975468952
24,7,528668,0.0672804103898855
24,8,270807,0.0165505322979096
24,9,1048566,0.0116540112877969
24,10,52271,0.00105220868167818
24,11,33594,0.000922783830445913
25,-19,148,NA
25,-18,2140,0.0434579439252336
25,-17,18404,0.00896544229515323
25,-16,78624,0.00904304029304029
25,-15,147298,0.00232861274423278
25,-14,201335,0.00044701616708471
25,-13,197696,0.00212953221107154
25,-12,184508,0.00397814728900644
25,-11,737170,0.018242739123947
25,-10,503324,0.0250713258259094
25,-9,1551791,0.0503257204095139
25,-8,557378,0.0496234153482915
25,-7,755740,0.0716873527932887
25,-6,188477,0.0813574070045682
25,-5,171724,0.296615499289558
25,-4,31921,0.428933930641271
25,-3,29547,1.85301384235286
25,-2,3807,3.39952718676123
25,-1,3820,18.530890052356
25,0,3870337,NA
25,1,3820,20.198167539267
25,2,3807,4.02836879432624
25,3,29547,2.11503705959996
25,4,31921,0.605432160646596
25,5,171724,0.334991032121311
25,6,188477,0.10032523862328
25,7,755740,0.0767168602958689
25,8,557378,0.0437207783586722
25,9,1551791,0.0524381182775257
25,10,503324,0.0343675246958222
25,11,737170,0.0214482412469308
25,12,184508,0.00479112016823119
25,13,197696,0.00188673518938168
25,14,201335,0.0015297886606899
25,15,147298,0.00389007318497196
25,16,78624,0.0128586691086691
25,17,18404,0.00391219300152141
25,18,2140,0.00186915887850467
25,19,148,NA
26,-13,148,NA
26,-12,692,NA
26,-11,9173,NA
26,-10,40005,0.00782402199725034
26,-9,206938,0.0142941364080063
26,-8,83301,0.0218124632357355
26,-7,523780,0.0415537057543243
26,-6,105386,0.0547605943863511
26,-5,114490,0.174373307712464
26,-4,18388,0.302860561235588
26,-3,14664,1.33981178396072
26,-2,1963,3.01018848700968
26,-1,1975,15.2455696202532
26,0,1662770,NA
26,1,1975,21.8703797468354
26,2,1963,6.91390728476821
26,3,14664,2.0709219858156
26,4,18388,0.812432020883185
26,5,114490,0.274844964625731
26,6,105386,0.0968914277038696
26,7,523780,0.0492420481881706
26,8,83301,0.0317763292157357
26,9,206938,0.0179957281891194
26,10,40005,0.0131483564554431
26,11,9173,0.00010901558922926
26,12,692,NA
26,13,148,NA
27,-12,2175,NA
27,-11,5930,0.00657672849915683
27,-10,9212,0.0225792444637429
27,-9,76329,0.00471642494988799
27,-8,108996,0.0109361811442622
27,-7,273423,0.0278213610413169
27,-6,33162,0.0582594535914601
27,-5,70138,0.135547064358835
27,-4,10745,0.168264308980921
27,-3,17036,0.557818736792674
27,-2,1342,1.67585692995529
27,-1,1351,13.3412287194671
27,0,608226,NA
27,1,1351,17.6957809030348
27,2,1342,3.86959761549925
27,3,17036,0.87373796665884
27,4,10745,0.363238715681712
27,5,70138,0.204810516410505
27,6,33162,0.086243290513238
27,7,273423,0.0359662500960051
27,8,108996,0.0170281478219384
27,9,76329,0.00398275884657208
27,10,9212,0.0271385149804603
27,11,5930,0.0381112984822934
27,12,2175,NA
28,-13,2260,0.00707964601769911
28,-12,16075,0.0016796267496112
28,-11,186358,0.00457184558752509
28,-10,307777,0.00434405429905419
28,-9,1671049,0.00675144774330375
28,-8,482951,0.00951235218479722
28,-7,1086982,0.0348681026916729
28,-6,240064,0.041043221807518
28,-5,205883,0.176284588819864
28,-4,34360,0.265832363213038
28,-3,30956,1.14643364775811
28,-2,3609,2.64477694652258
28,-1,3625,14.0830344827586
28,0,4603978,NA
28,1,3625,19.5613793103448
28,2,3609,4.95317262399557
28,3,30956,1.59225998190981
28,4,34360,0.461525029103609
28,5,205883,0.232646697396094
28,6,240064,0.072347374033591
28,7,1086982,0.0494184816307906
28,8,482951,0.0287358344842437
28,9,1671049,0.0120780419963747
28,10,307777,0.00625127933536294
28,11,186358,0.00547870228270318
28,12,16075,0.00497667185069984
28,13,2260,0.0278761061946903
29,-11,414,0.0483091787439614
29,-10,11322,0.00521109344638756
29,-9,89306,0.0218462365350592
29,-8,29645,0.0280317085511891
29,-7,133461,0.0876360884453136
29,-6,30160,0.111206896551724
29,-5,36890,0.312089997289238
29,-4,7890,0.375411913814956
29,-3,8569,1.43855759131754
29,-2,1093,2.81427264409881
29,-1,1102,17.5117967332123
29,0,516905,NA
29,1,1102,23.52722323049
29,2,1093,4.57456541628545
29,3,8569,1.84794024973743
29,4,7890,0.733840304182509
29,5,36890,0.371618324749255
29,6,30160,0.163627320954907
29,7,133461,0.100051700496774
29,8,29645,0.0451678191937932
29,9,89306,0.0354063556759904
29,10,11322,0.00936230347995054
29,11,414,0.0507246376811594
30,-11,7492,0.000133475707421249
30,-10,22494,0.000266737796745799
30,-9,139754,0.00108046996865922
30,-8,84419,0.00266527677418591
30,-7,295910,0.00667432665337434
30,-6,68105,0.00822259745980471
30,-5,86505,0.0226923299231258
30,-4,13861,0.040545415193709
30,-3,12525,0.164790419161677
30,-2,1475,0.332881355932203
30,-1,1486,2.79542395693136
30,0,743117,NA
30,1,1486,3.55585464333782
30,2,1475,0.531525423728814
30,3,12525,0.189940119760479
30,4,13861,0.0506456965586898
30,5,86505,0.0233859314490492
30,6,68105,0.0108949416342412
30,7,295910,0.00650197695245176
30,8,84419,0.00373138748386027
30,9,139754,0.00349900539519441
30,10,22494,0.00280074686583089
30,11,7492,0.000400427122263748
31,-13,1685,NA
31,-12,15770,0.00323398858592264
31,-11,70170,0.00143936155052017
31,-10,85541,0.00466442992249331
31,-9,348855,0.0271832136561035
31,-8,126907,0.0308257227733695
31,-7,229586,0.0637713100973056
31,-6,62913,0.0781873380700332
31,-5,62612,0.278812368236121
31,-4,12631,0.328952576993112
31,-3,13296,1.30813778580024
31,-2,1697,2.1591043017089
31,-1,1706,15.4513481828839
31,0,847111,NA
31,1,1706,19.1389214536928
31,2,1697,3.94166175604007
31,3,13296,2.10394103489771
31,4,12631,0.465521336394585
31,5,62612,0.287788283396154
31,6,62913,0.0898224532290624
31,7,229586,0.0586577578772225
31,8,126907,0.0340958339571497
31,9,348855,0.0320820971463789
31,10,85541,0.0127774985094867
31,11,70170,0.00954823998859912
31,12,15770,0.0109701965757768
31,13,1685,NA
32,-14,5,NA
32,-13,1168,NA
32,-12,11737,0.000937207122774133
32,-11,222379,0.00248674560097851
32,-10,412576,0.00415438610098503
32,-9,1035801,0.00624733901589205
32,-8,556654,0.0086337293902496
32,-7,846526,0.0294923014768595
32,-6,234363,0.0454935292686986
32,-5,200017,0.222841058510027
32,-4,34233,0.233371308386644
32,-3,28922,1.4110365811493
32,-2,3068,2.3106258148631
32,-1,3075,22.0536585365854
32,0,2280728,NA
32,1,3075,25.6845528455285
32,2,3068,4.09224250325945
32,3,28922,1.69690892746007
32,4,34233,0.403090585107937
32,5,200017,0.271801896838769
32,6,234363,0.0702585305700985
32,7,846526,0.036542291672081
32,8,556654,0.0117326022987349
32,9,1035801,0.00717415797049819
32,10,412576,0.00460521213061351
32,11,222379,0.00278353621520018
32,12,11737,0.00136321036039874
32,13,1168,NA
32,14,5,NA
33,-13,368,NA
33,-12,8188,0.0450659501709819
33,-11,35926,0.0267772643767745
33,-10,40662,0.0154198022723919
33,-9,99341,0.0362589464571526
33,-8,49868,0.031623486003048
33,-7,78981,0.0779301350957825
33,-6,26319,0.0781564649112808
33,-5,31299,0.234640084347743
33,-4,7229,0.45732466454558
33,-3,7932,1.69478063540091
33,-2,1002,3.37325349301397
33,-1,1009,18.191278493558
33,0,243852,NA
33,1,1009,22.4588701684836
33,2,1002,6.24950099800399
33,3,7932,2.04387291981846
33,4,7229,0.867063217595795
33,5,31299,0.266909485926068
33,6,26319,0.102207530681257
33,7,78981,0.0873121383623909
33,8,49868,0.0304002566776289
33,9,99341,0.0239679487824765
33,10,40662,0.0242486842752447
33,11,35926,0.0435060958637199
33,12,8188,0.0792623351245725
33,13,368,0.00271739130434783
34,-11,797,0.00250941028858218
34,-10,2957,NA
34,-9,29072,0.0498073747936158
34,-8,22620,0.0437665782493369
34,-7,66240,0.0677536231884058
34,-6,19649,0.0874853682121228
34,-5,24934,0.162589235581936
34,-4,5147,0.259957256654362
34,-3,5497,1.46334364198654
34,-2,705,3.21418439716312
34,-1,714,19.0280112044818
34,0,154561,NA
34,1,714,22.8473389355742
34,2,705,4.90070921985816
34,3,5497,1.83445515735856
34,4,5147,0.442199339421022
34,5,24934,0.186291810379402
34,6,19649,0.0691638251310499
34,7,66240,0.0609903381642512
34,8,22620,0.0364279398762157
34,9,29072,0.0384906439185471
34,10,2957,0.000338180588434224
34,11,797,NA
35,-9,20182,0.0325042116737687
35,-8,9394,0.131041090057483
35,-7,15695,0.141191462249124
35,-6,9856,0.083299512987013
35,-5,10975,0.301776765375854
35,-4,2529,0.354290233293792
35,-3,5228,0.672915072685539
35,-2,448,2.82589285714286
35,-1,459,11.1045751633987
35,0,62068,NA
35,1,459,10.3137254901961
35,2,448,3.03125
35,3,5228,0.893075745983168
35,4,2529,0.333333333333333
35,5,10975,0.281640091116173
35,6,9856,0.107244318181818
35,7,15695,0.149984071360306
35,8,9394,0.131041090057483
35,9,20182,0.0347834704191854
36,-11,36,NA
36,-10,80,NA
36,-9,3070,0.265472312703583
36,-8,4491,0.274549098196393
36,-7,8524,0.507742843735336
36,-6,4084,0.33643486777669
36,-5,5672,0.706100141043724
36,-4,1551,0.544809800128949
36,-3,1722,2.90301974448316
36,-2,273,4.15750915750916
36,-1,281,37.8861209964413
36,0,19956,NA
36,1,281,38.4270462633452
36,2,273,6.26739926739927
36,3,1722,3.17247386759582
36,4,1551,0.706640876853643
36,5,5672,0.726551480959097
36,6,4084,0.268854064642507
36,7,8524,0.511262318160488
36,8,4491,0.352260075706969
36,9,3070,0.231596091205212
36,10,80,NA
36,11,36,NA
37,-9,10520,NA
37,-8,29051,0.00234071116312691
37,-7,24765,0.010498687664042
37,-6,16161,0.0407771796299734
37,-5,17941,0.200880664399978
37,-4,5679,0.185596055643599
37,-3,3492,1.16609392898053
37,-2,528,1.46022727272727
37,-1,550,14.1818181818182
37,0,86227,NA
37,1,550,13.9254545454545
37,2,528,2.47916666666667
37,3,3492,1.42353951890034
37,4,5679,0.377002993484768
37,5,17941,0.264255058246475
37,6,16161,0.0475218117690737
37,7,24765,0.0118715929739552
37,8,29051,0.00144573336546074
37,9,10520,NA
38,-15,1525,NA
38,-14,1342,NA
38,-13,112316,0.000400655293991951
38,-12,387329,0.00130380116128666
38,-11,430216,0.00409561708537107
38,-10,208407,0.0115063313612307
38,-9,930598,0.0052589840081324
38,-8,241584,0.0162138221074243
38,-7,1756357,0.00817316752801395
38,-6,265934,0.0114013251408244
38,-5,446551,0.0342088585626278
38,-4,43953,0.0839078106158851
38,-3,121337,0.215350635008283
38,-2,3982,1.07684580612757
38,-1,3988,10.4794383149448
38,0,6001283,NA
38,1,3988,12.8139418254764
38,2,3982,2.90632847815168
38,3,121337,0.264379373150811
38,4,43953,0.229859167747367
38,5,446551,0.047613822385349
38,6,265934,0.0156805824001444
38,7,1756357,0.00854780662473517
38,8,241584,0.020411119941718
38,9,930598,0.00900711155622514
38,10,208407,0.027316740800453
38,11,430216,0.0123705301522956
38,12,387329,0.00488989980094442
38,13,112316,0.00032942768617116
38,14,1342,NA
38,15,1525,NA
39,-13,30,NA
39,-12,900,0.02
39,-11,28123,0.0119475162678235
39,-10,86815,0.00654264815988021
39,-9,220414,0.0255156206048618
39,-8,88779,0.0333299541558251
39,-7,149063,0.0601624816352817
39,-6,43249,0.087585840135032
39,-5,43919,0.229946037022701
39,-4,8900,0.368876404494382
39,-3,9961,1.46109828330489
39,-2,1364,2.48973607038123
39,-1,1370,18.5919708029197
39,0,513867,NA
39,1,1370,23.0620437956204
39,2,1364,4.20087976539589
39,3,9961,1.83897199076398
39,4,8900,0.686629213483146
39,5,43919,0.279605637651131
39,6,43249,0.112811856921547
39,7,149063,0.0588408927768796
39,8,88779,0.0387479020939637
39,9,220414,0.0282649922418721
39,10,86815,0.00810919771928814
39,11,28123,0.00981403121999787
39,12,900,0.0166666666666667
39,13,30,NA
40,-9,396,0.095959595959596
40,-8,657,0.0745814307458143
40,-7,10033,0.119505631416326
40,-6,8799,0.108648710080691
40,-5,16939,0.16222917527599
40,-4,1586,0.554854981084489
40,-3,2161,2.17630726515502
40,-2,339,4.21828908554572
40,-1,347,26.8904899135447
40,0,38590,NA
40,1,347,28.7319884726225
40,2,339,8.6283185840708
40,3,2161,2.7427117075428
40,4,1586,0.788776796973518
40,5,16939,0.162288210638172
40,6,8799,0.0820547789521537
40,7,10033,0.160869131864846
40,8,657,0.135464231354642
40,9,396,0.126262626262626
41,-18,48,NA
41,-17,2702,NA
41,-16,40691,0.00147452753680175
41,-15,115310,0.001933917266499
41,-14,309057,0.00594065172443918
41,-13,315553,0.00507363263857418
41,-12,427476,0.0110509127997829
41,-11,378155,0.0137033755999524
41,-10,324094,0.00810875857004449
41,-9,447134,0.0138057047775387
41,-8,230808,0.0147135281272746
41,-7,281250,0.0250808888888889
41,-6,77921,0.0404640597528266
41,-5,74306,0.15146825290017
41,-4,18339,0.190904629478161
41,-3,26277,0.741865509761388
41,-2,2679,1.78275475923852
41,-1,2689,10.2398661212347
41,0,1087122,NA
41,1,2689,11.8761621420602
41,2,2679,1.89175065322882
41,3,26277,0.854968223160939
41,4,18339,0.244778886525983
41,5,74306,0.180617985088687
41,6,77921,0.0625120314164346
41,7,281250,0.031904
41,8,230808,0.0357656580361166
41,9,447134,0.0351348812660187
41,10,324094,0.0111881120909366
41,11,378155,0.018963123586889
41,12,427476,0.0146908832308714
41,13,315553,0.00772294986896021
41,14,309057,0.0076393674953164
41,15,115310,0.00261902697077443
41,16,40691,0.00132707478312157
41,17,2702,NA
41,18,48,NA
42,-11,5,NA
42,-10,865,0.00346820809248555
42,-9,5700,0.104736842105263
42,-8,4745,0.145205479452055
42,-7,40210,0.142850037304153
42,-6,11946,0.081533567721413
42,-5,18786,0.156712445438092
42,-4,3952,0.19331983805668
42,-3,5094,1.50058892815077
42,-2,525,2.94857142857143
42,-1,533,18.0450281425891
42,0,100434,NA
42,1,533,22.3658536585366
42,2,525,4.01333333333333
42,3,5094,1.79348252846486
42,4,3952,0.22165991902834
42,5,18786,0.17917598211434
42,6,11946,0.131006194542106
42,7,40210,0.151579209151952
42,8,4745,0.179557428872497
42,9,5700,0.207719298245614
42,10,865,0.0127167630057803
42,11,5,NA
43,-9,50098,0.0146313226076889
43,-8,46384,0.0143368402897551
43,-7,429899,0.0263666582150691
43,-6,67231,0.0466005265428151
43,-5,171453,0.09502312587123
43,-4,23040,0.143185763888889
43,-3,25450,1.12290766208251
43,-2,1659,1.47257383966245
43,-1,1668,11.9094724220624
43,0,1151797,NA
43,1,1668,16.4412470023981
43,2,1659,2.53887884267631
43,3,25450,1.07917485265226
43,4,23040,0.198741319444444
43,5,171453,0.126938577919313
43,6,67231,0.0783418363552528
43,7,429899,0.0448105252629106
43,8,46384,0.0230036219385995
43,9,50098,0.0186434588207114
44,-19,966,NA
44,-18,11037,NA
44,-17,60150,3.32502078137988e-05
44,-16,225111,0.000648568928217635
44,-15,620249,0.00283918232838747
44,-14,1044474,0.00525240455961566
44,-13,1133353,0.00620548055195513
44,-12,687966,0.011904658079033
44,-11,789465,0.0099801764486076
44,-10,643424,0.0110813398318993
44,-9,1179151,0.0261382978091865
44,-8,451639,0.0368502277261264
44,-7,542481,0.0717684121655874
44,-6,154789,0.115428098895916
44,-5,161912,0.285871337516676
44,-4,34380,0.311372891215823
44,-3,39807,1.78471123169292
44,-2,4256,3.42058270676692
44,-1,4266,17.7369901547117
44,0,2629537,NA
44,1,4266,23.365682137834
44,2,4256,4.80239661654135
44,3,39807,2.51453261989097
44,4,34380,0.603577661431065
44,5,161912,0.305171945254212
44,6,154789,0.111790889533494
44,7,542481,0.0754054059036169
44,8,451639,0.0448588363715268
44,9,1179151,0.0392663874262075
44,10,643424,0.0157283533097926
44,11,789465,0.0150190318760173
44,12,687966,0.0184587610434237
44,13,1133353,0.0128688943338924
44,14,1044474,0.0117456250706097
44,15,620249,0.00715357864341579
44,16,225111,0.00336278547027911
44,17,60150,0.000631753948462178
44,18,11037,0.000181208661774033
44,19,966,NA
45,-18,36,NA
45,-17,2324,0.0193631669535284
45,-16,22306,0.072626199228907
45,-15,123932,0.028725430074557
45,-14,233097,0.0123811117260196
45,-13,280311,0.0112517881924006
45,-12,260892,0.0153090167578922
45,-11,331440,0.0362961622013034
45,-10,256602,0.0365312819073897
45,-9,1100402,0.0341338892513827
45,-8,531410,0.0721288647183907
45,-7,678181,0.0732075950225678
45,-6,168363,0.0773566638750794
45,-5,251038,0.177184330659103
45,-4,24953,0.20270107802669
45,-3,35277,1.05771465827593
45,-2,3358,1.3856462179869
45,-1,3367,11.4918324918325
45,0,2728846,NA
45,1,3367,13.5209385209385
45,2,3358,1.88951756998213
45,3,35277,1.28970717464637
45,4,24953,0.304893199214523
45,5,251038,0.189178530740366
45,6,168363,0.0859749469895405
45,7,678181,0.0883952809058349
45,8,531410,0.0751886490656932
45,9,1100402,0.0392992742652231
45,10,256602,0.0295087333691865
45,11,331440,0.0340091720975139
45,12,260892,0.0137413182466308
45,13,280311,0.00906136398500237
45,14,233097,0.00804386156835995
45,15,123932,0.020156214698383
45,16,22306,0.0121491975253295
45,17,2324,0.0357142857142857
45,18,36,0.0277777777777778
46,-11,525,NA
46,-10,2635,0.0398481973434535
46,-9,111351,0.0482258803243797
46,-8,56839,0.0684741110856982
46,-7,182607,0.0557536129502155
46,-6,43698,0.037393015698659
46,-5,58525,0.345219991456642
46,-4,8868,0.323297248534055
46,-3,13925,1.16883303411131
46,-2,1216,1.33305921052632
46,-1,1227,14.360228198859
46,0,545152,NA
46,1,1227,18.1532192339038
46,2,1216,2.67105263157895
46,3,13925,1.49077199281867
46,4,8868,0.457713125845737
46,5,58525,0.377257582229816
46,6,43698,0.0577600805528857
46,7,182607,0.0730311543369093
46,8,56839,0.0827072960467285
46,9,111351,0.0861060969367136
46,10,2635,0.0387096774193548
46,11,525,NA
47,-7,302,0.00662251655629139
47,-6,260,0.0846153846153846
47,-5,1420,0.435211267605634
47,-4,520,0.425
47,-3,598,1.5685618729097
47,-2,88,2.28409090909091
47,-1,99,19.979797979798
47,0,3426,NA
47,1,99,21.1313131313131
47,2,88,5.60227272727273
47,3,598,2.12207357859532
47,4,520,0.226923076923077
47,5,1420,0.25
47,6,260,0.0769230769230769
47,7,302,NA
48,-9,30,NA
48,-8,116,0.0172413793103448
48,-7,831,0.0144404332129964
48,-6,639,0.0469483568075117
48,-5,2199,0.334697589813552
48,-4,469,1.15351812366738
48,-3,759,2.75494071146245
48,-2,118,4.23728813559322
48,-1,125,24.96
48,0,5304,NA
48,1,125,29.272
48,2,118,6.59322033898305
48,3,759,2.93280632411067
48,4,469,1.23667377398721
48,5,2199,0.312869486130059
48,6,639,0.0579029733959311
48,7,831,0.00601684717208183
48,8,116,0.0172413793103448
48,9,30,NA
49,-13,1415,NA
49,-12,4085,NA
49,-11,26356,0.00098649263924723
49,-10,34421,0.00386392028122367
49,-9,38971,0.00677426804546971
49,-8,22639,0.0125888952692257
49,-7,92885,0.0441083059697475
49,-6,29967,0.0546267560983749
49,-5,35912,0.222516150590332
49,-4,7624,0.265739769150052
49,-3,7771,1.54510359027152
49,-2,894,2.85346756152125
49,-1,908,15.534140969163
49,0,218585,NA
49,1,908,18.124449339207
49,2,894,5.39038031319911
49,3,7771,1.86822802728092
49,4,7624,0.568599160545645
49,5,35912,0.275952327912675
49,6,29967,0.0638368872426336
49,7,92885,0.0452495020724552
49,8,22639,0.0180219974380494
49,9,38971,0.0102897025993688
49,10,34421,0.00546178205165451
49,11,26356,0.0017832751555623
49,12,4085,0.001468788249694
49,13,1415,NA
50,-11,182,NA
50,-10,1183,0.0101437024513948
50,-9,5814,0.00103199174406605
50,-8,6962,0.00244182706118931
50,-7,41591,0.0165179966819745
50,-6,10601,0.0214130742382794
50,-5,21439,0.121460889034003
50,-4,4643,0.195347835451217
50,-3,4190,1.15393794749403
50,-2,532,3.67105263157895
50,-1,543,26.4990791896869
50,0,100576,NA
50,1,543,31.414364640884
50,2,532,5.35338345864662
50,3,4190,1.45489260143198
50,4,4643,0.272883911264269
50,5,21439,0.150380148327814
50,6,10601,0.0384869351947929
50,7,41591,0.01988410954293
50,8,6962,0.00373455903476013
50,9,5814,0.00378396972824217
50,10,1183,0.0245139475908707
50,11,182,NA
51,-9,3192,0.0253759398496241
51,-8,4456,0.0139138240574506
51,-7,10768,0.0322251114413076
51,-6,4940,0.0356275303643725
51,-5,6741,0.261682242990654
51,-4,1991,0.314414866901055
51,-3,1655,2.01933534743202
51,-2,289,2.80968858131488
51,-1,301,17.9634551495017
51,0,22538,NA
51,1,301,20.9335548172757
51,2,289,3.94117647058824
51,3,1655,2.49063444108761
51,4,1991,0.474635861376193
51,5,6741,0.382880878207981
51,6,4940,0.0461538461538462
51,7,10768,0.0331537890044577
51,8,4456,0.0653052064631957
51,9,3192,0.240601503759398
52,-9,12,NA
52,-8,252,NA
52,-7,1908,0.0524109014675052
52,-6,1071,0.199813258636788
52,-5,2845,0.287873462214411
52,-4,1030,0.490291262135922
52,-3,1131,1.88240495137047
52,-2,144,2.47222222222222
52,-1,156,29.9166666666667
52,0,7551,NA
52,1,156,32.6602564102564
52,2,144,3.80555555555556
52,3,1131,2.13793103448276
52,4,1030,0.620388349514563
52,5,2845,0.34481546572935
52,6,1071,0.226890756302521
52,7,1908,0.105345911949686
52,8,252,0.0119047619047619
52,9,12,NA
53,-15,610,NA
53,-14,2265,NA
53,-13,180898,0.0111001780008624
53,-12,376667,0.0019778743558634
53,-11,1521997,0.00976151726974495
53,-10,1258147,0.0117673054102581
53,-9,2595511,0.0126291123404987
53,-8,764130,0.0171633099079999
53,-7,976782,0.0371761559897705
53,-6,212094,0.067059888539987
53,-5,210852,0.256412080511449
53,-4,35642,0.321081869704281
53,-3,39462,1.45061071410471
53,-2,4693,2.52588962284253
53,-1,4703,17.1224750159473
53,0,5758710,NA
53,1,4703,21.5930257282586
53,2,4693,4.05817174515235
53,3,39462,1.83756525264812
53,4,35642,0.550361932551484
53,5,210852,0.287177736042342
53,6,212094,0.0784934981659076
53,7,976782,0.0451953455325753
53,8,764130,0.0172143483438682
53,9,2595511,0.0124145110538926
53,10,1258147,0.0121217949889798
53,11,1521997,0.01201907756717
53,12,376667,0.00136991029211479
53,13,180898,0.00939203307941492
53,14,2265,0.00132450331125828
53,15,610,NA
54,-17,7663,0.0341902649093044
54,-16,114258,0.0014090917047384
54,-15,489002,0.00289773865955558
54,-14,550677,0.0026621776467875
54,-13,475010,0.00670091155975664
54,-12,403934,0.0192803774874113
54,-11,1031077,0.0268631731674744
54,-10,735585,0.00896701264979574
54,-9,1641087,0.0212548146441962
54,-8,684572,0.0153555798367447
54,-7,759145,0.0321848922142674
54,-6,193524,0.0467487236725161
54,-5,193111,0.260844799105178
54,-4,40420,0.383795150915388
54,-3,37845,2.12041220768926
54,-2,4298,4.30642159143788
54,-1,4309,18.1093061035043
54,0,3845066,NA
54,1,4309,22.9389649570666
54,2,4298,5.51395998138669
54,3,37845,2.46553045316422
54,4,40420,0.49198416625433
54,5,193111,0.352098016166868
54,6,193524,0.0699654823174387
54,7,759145,0.0364897351625842
54,8,684572,0.0179250685099595
54,9,1641087,0.0209154054599177
54,10,735585,0.0187225133737094
54,11,1031077,0.0743998750820743
54,12,403934,0.0321166329152782
54,13,475010,0.00840613881813015
54,14,550677,0.0068679098636769
54,15,489002,0.0163578063075407
54,16,114258,0.00715923611475783
54,17,7663,0.113924050632911
55,-13,168,NA
55,-12,11648,0.0507383241758242
55,-11,47522,0.0965026724464459
55,-10,49730,0.0709833098733159
55,-9,222799,0.0743944093106343
55,-8,84067,0.101383420367088
55,-7,207618,0.0581885963644771
55,-6,52351,0.1066837309698
55,-5,70614,0.198204322089104
55,-4,13321,0.338488101493882
55,-3,13247,1.33751037970861
55,-2,1499,2.98398932621748
55,-1,1507,16.2574651625747
55,0,721882,NA
55,1,1507,20.1645653616457
55,2,1499,5.42628418945964
55,3,13247,1.84268136181777
55,4,13321,0.733653629607387
55,5,70614,0.269875662050018
55,6,52351,0.153349506217646
55,7,207618,0.0670991917849127
55,8,84067,0.0787467139305554
55,9,222799,0.0460774060924869
55,10,49730,0.0514176553388297
55,11,47522,0.0297967257270317
55,12,11648,0.0174278846153846
55,13,168,0.00595238095238095
56,-13,200,NA
56,-12,1930,0.0378238341968912
56,-11,13099,0.0203068936560043
56,-10,22303,0.0123750168138815
56,-9,304163,0.0341987684235098
56,-8,102779,0.0426059798207805
56,-7,317316,0.0545859647795888
56,-6,95107,0.0637913087364758
56,-5,83568,0.189809496457974
56,-4,15229,0.356359577122595
56,-3,13130,1.17060167555217
56,-2,1735,2.7014409221902
56,-1,1749,11.9113779302459
56,0,1117884,NA
56,1,1749,15.1841052029731
56,2,1735,3.93025936599424
56,3,13130,1.57738004569688
56,4,15229,0.504038347888896
56,5,83568,0.214328451081754
56,6,95107,0.0641488008243347
56,7,317316,0.0521183930214676
56,8,102779,0.0419054476108933
56,9,304163,0.030371872976003
56,10,22303,0.0242119894184639
56,11,13099,0.0435147721200092
56,12,1930,0.089119170984456
56,13,200,0.04
57,-15,14503,6.89512514652141e-05
57,-14,83507,0.00125737962087011
57,-13,1563518,0.00169681449142255
57,-12,4147760,0.00335458175014949
57,-11,25592444,0.00262827575201493
57,-10,18604339,0.0028829296219554
57,-9,51315740,0.00584689999598567
57,-8,13194763,0.00809692451467297
57,-7,14274099,0.0211104742933337
57,-6,2525914,0.0291498443731655
57,-5,1613428,0.155977211254546
57,-4,222979,0.299171670874836
57,-3,185723,1.50591472246302
57,-2,19434,3.1760831532366
57,-1,19457,18.6626406948656
57,0,111858548,NA
57,1,19457,24.4958626715321
57,2,19434,5.25223834516826
57,3,185723,2.00393596915837
57,4,222979,0.544495221523103
57,5,1613428,0.216804840377135
57,6,2525914,0.0465981818858441
57,7,14274099,0.0253248909090515
57,8,13194763,0.00907898080473291
57,9,51315740,0.00655214170155203
57,10,18604339,0.0033445961181421
57,11,25592444,0.00292211247976157
57,12,4147760,0.00370392693887784
57,13,1563518,0.00163605407804707
57,14,83507,0.000802327948555211
57,15,14503,6.89512514652141e-05
58,-11,474,NA
58,-10,8190,0.0221001221001221
58,-9,47842,0.0327536474227666
58,-8,19213,0.0195180346640296
58,-7,196639,0.122142606502271
58,-6,41772,0.106051900794791
58,-5,83196,0.250937545074282
58,-4,14924,0.274993299383543
58,-3,12541,1.70632325970816
58,-2,1320,3.33106060606061
58,-1,1328,18.9201807228916
58,0,911363,NA
58,1,1328,23.5768072289157
58,2,1320,5.775
58,3,12541,2.41846742683996
58,4,14924,0.647413562047708
58,5,83196,0.314173758353767
58,6,41772,0.165014842478215
58,7,196639,0.123439399101908
58,8,19213,0.043824493832301
58,9,47842,0.0554324651979432
58,10,8190,0.0274725274725275
58,11,474,NA
59,-11,120,NA
59,-10,1530,NA
59,-9,57260,0.00314355571079287
59,-8,57018,0.00199936862043565
59,-7,245818,0.0339844925920803
59,-6,84773,0.0190862656742123
59,-5,72717,0.165394611988943
59,-4,11726,0.197765648985161
59,-3,14343,0.724674057031304
59,-2,1323,2.10959939531368
59,-1,1330,10.418045112782
59,0,675645,NA
59,1,1330,15.9015037593985
59,2,1323,3.96825396825397
59,3,14343,1.19535661995398
59,4,11726,0.36858263687532
59,5,72717,0.261878240301443
59,6,84773,0.0720040578957923
59,7,245818,0.0847293526104679
59,8,57018,0.00512118979971237
59,9,57260,0.00681103737338456
59,10,1530,NA
59,11,120,NA
60,-9,8058,0.000496401092082403
60,-8,15453,0.0202549666731379
60,-7,102007,0.0674169419745704
60,-6,23478,0.0572024874350456
60,-5,47097,0.241183090218061
60,-4,7445,0.244325050369375
60,-3,7646,1.29806434737117
60,-2,802,2.07356608478803
60,-1,815,13.4552147239264
60,0,240254,NA
60,1,815,19.5803680981595
60,2,802,3.94389027431421
60,3,7646,1.79466387653675
60,4,7445,0.487844190732035
60,5,47097,0.353377072849651
60,6,23478,0.148309055285799
60,7,102007,0.106218200711716
60,8,15453,0.0223257619879635
60,9,8058,0.000124100273020601
61,-13,17753,0.00174618374359263
61,-12,104522,0.000564474464705995
61,-11,1207478,0.00333008137622383
61,-10,1141734,0.00570097763577156
61,-9,6255359,0.00585002395545963
61,-8,2545430,0.00762857356124506
61,-7,3404083,0.0226104945149692
61,-6,656452,0.0657824182118418
61,-5,532589,0.202987669666478
61,-4,81994,0.355538210112935
61,-3,71832,1.32442365519546
61,-2,6785,3.46764922623434
61,-1,6806,15.7920952101087
61,0,14269615,NA
61,1,6806,21.7377314134587
61,2,6785,5.27752394988946
61,3,71832,1.65257823811115
61,4,81994,0.548906017513477
61,5,532589,0.239899810172572
61,6,656452,0.0687940626275798
61,7,3404083,0.0282319790674904
61,8,2545430,0.00773032454241523
61,9,6255359,0.00502625029194966
61,10,1141734,0.0032590778587657
61,11,1207478,0.00249445538552255
61,12,104522,0.000641013375174604
61,13,17753,0.000563285078578269
62,-11,10345,0.00589656839052682
62,-10,45686,0.0114477082694917
62,-9,156511,0.0165739149324968
62,-8,56596,0.0203901335783448
62,-7,160410,0.075238451468113
62,-6,52823,0.0704238683906632
62,-5,47815,0.228401129352714
62,-4,9866,0.338333671194
62,-3,8561,1.61312930732391
62,-2,1276,3.04467084639498
62,-1,1288,19.1467391304348
62,0,559167,NA
62,1,1288,25.3548136645963
62,2,1276,4.44043887147335
62,3,8561,2.08024763462212
62,4,9866,0.528684370565579
62,5,47815,0.288737843772875
62,6,52823,0.0913995797285273
62,7,160410,0.0997942771647653
62,8,56596,0.0235705703583292
62,9,156511,0.0136092670802691
62,10,45686,0.0113163770082739
62,11,10345,0.00473658772353794
63,-11,11823,0.0626744481096169
63,-10,23202,0.0112490302560124
63,-9,148780,0.00692297351794596
63,-8,110991,0.0110909893594976
63,-7,299836,0.0400052028442215
63,-6,69720,0.0828743545611016
63,-5,85480,0.160938231165185
63,-4,12805,0.27130027333073
63,-3,13683,1.05408170722795
63,-2,1485,2.99326599326599
63,-1,1498,18.1255006675567
63,0,688395,NA
63,1,1498,20.9779706275033
63,2,1485,4.3043771043771
63,3,13683,1.20960315720237
63,4,12805,0.368684107770402
63,5,85480,0.203158633598503
63,6,69720,0.0981784279977051
63,7,299836,0.0486565989407543
63,8,110991,0.0297141209647629
63,9,148780,0.00978626159430031
63,10,23202,0.0089647444185846
63,11,11823,0.00270658885223716
64,-11,264,NA
64,-10,3660,0.000819672131147541
64,-9,145235,0.00519847144283403
64,-8,36541,0.00903095153389344
64,-7,166246,0.0615112544061211
64,-6,35585,0.0544330476324294
64,-5,54137,0.200472874374273
64,-4,9094,0.200021992522542
64,-3,10606,0.975768432962474
64,-2,1224,1.8218954248366
64,-1,1230,10.1788617886179
64,0,587717,NA
64,1,1230,12.4138211382114
64,2,1224,2.0343137254902
64,3,10606,1.11314350367716
64,4,9094,0.328678249395206
64,5,54137,0.22640707833829
64,6,35585,0.121062245328088
64,7,166246,0.0654632291904768
64,8,36541,0.013218029063244
64,9,145235,0.00835198127173202
64,10,3660,0.00218579234972678
64,11,264,NA
65,-7,479,0.00208768267223382
65,-6,118,0.0169491525423729
65,-5,1918,0.0610010427528676
65,-4,480,0.139583333333333
65,-3,1332,0.704954954954955
65,-2,142,0.507042253521127
65,-1,147,13.2312925170068
65,0,12672,NA
65,1,147,18.5578231292517
65,2,142,1.12676056338028
65,3,1332,0.777777777777778
65,4,480,0.16875
65,5,1918,0.0672575599582899
65,6,118,0.0338983050847458
65,7,479,0.00626304801670146
66,-11,21,NA
66,-10,639,NA
66,-9,7408,NA
66,-8,12664,0.00221099178774479
66,-7,149891,0.00573750258521192
66,-6,58867,0.00857866036998658
66,-5,127077,0.0455314494361686
66,-4,19815,0.0836235175372193
66,-3,19929,0.408399819358723
66,-2,1081,1.12950971322849
66,-1,1106,9.48282097649186
66,0,428453,NA
66,1,1106,12.0497287522604
66,2,1081,2.6040703052729
66,3,19929,0.551407496612976
66,4,19815,0.163411556901337
66,5,127077,0.0537862870543057
66,6,58867,0.011483513683388
66,7,149891,0.00918000413633907
66,8,12664,0.00442198357548958
66,9,7408,0.00121490280777538
66,10,639,NA
66,11,21,NA
67,-11,78,0.0128205128205128
67,-10,2704,0.113165680473373
67,-9,16822,0.0945190821543217
67,-8,26794,0.0463163394789878
67,-7,218413,0.0432254490346271
67,-6,37037,0.0857250857250857
67,-5,100082,0.1137467276833
67,-4,14198,0.198549091421327
67,-3,11477,1.24161366210682
67,-2,1208,3.36506622516556
67,-1,1224,21.4820261437909
67,0,640551,NA
67,1,1224,28.2271241830065
67,2,1208,5.50745033112583
67,3,11477,1.5872614794807
67,4,14198,0.305042963797718
67,5,100082,0.124238124737715
67,6,37037,0.0841590841590842
67,7,218413,0.0369666640721935
67,8,26794,0.0141076360379189
67,9,16822,0.0113541790512424
67,10,2704,0.00332840236686391
67,11,78,NA
68,-7,3924,0.09072375127421
68,-6,788,0.17258883248731
68,-5,8091,0.183166481275491
68,-4,1697,0.18856806128462
68,-3,1971,2.02790461694571
68,-2,278,1.66187050359712
68,-1,286,15.6223776223776
68,0,48299,NA
68,1,286,18.6118881118881
68,2,278,3.14748201438849
68,3,1971,2.29477422628108
68,4,1697,0.199764289923394
68,5,8091,0.220615498702262
68,6,788,0.016497461928934
68,7,3924,0.0728848114169215
69,-11,88,NA
69,-10,384,NA
69,-9,16847,NA
69,-8,29480,0.00033921302578019
69,-7,114806,0.00452066965141195
69,-6,38875,0.00882315112540193
69,-5,55202,0.0453787906235281
69,-4,9102,0.0687760931663371
69,-3,8623,0.407050910356025
69,-2,874,1.10755148741419
69,-1,886,8.50338600451467
69,0,236435,NA
69,1,886,9.85778781038375
69,2,874,1.87986270022883
69,3,8623,0.574510031311608
69,4,9102,0.0955833882663151
69,5,55202,0.0617187783051339
69,6,38875,0.0244630225080386
69,7,114806,0.00330993153667927
69,8,29480,0.00101763907734057
69,9,16847,0.000178073247462456
69,10,384,NA
69,11,88,NA
70,-9,4780,0.129916317991632
70,-8,6911,0.233251338445956
70,-7,111363,0.0562484846852186
70,-6,26906,0.117074258529696
70,-5,51418,0.278287759150492
70,-4,9055,0.499503036996135
70,-3,7853,2.18222335413218
70,-2,825,6.41090909090909
70,-1,842,23.91567695962
70,0,270743,NA
70,1,842,29.270783847981
70,2,825,9.21818181818182
70,3,7853,2.88144658092449
70,4,9055,0.715626725565986
70,5,51418,0.424326111478471
70,6,26906,0.224039247751431
70,7,111363,0.0917539936962905
70,8,6911,0.200694544928375
70,9,4780,0.0780334728033473
71,-11,52,NA
71,-10,809,NA
71,-9,105703,0.00129608431170355
71,-8,131209,0.00256842137353383
71,-7,959635,0.00575010290370818
71,-6,184338,0.00821859844416236
71,-5,324585,0.0508125760586595
71,-4,35945,0.0804006120461817
71,-3,33258,0.542937037705214
71,-2,2385,1.69266247379455
71,-1,2387,10.6937578550482
71,0,2141932,NA
71,1,2387,16.1629660661919
71,2,2385,3.04318658280922
71,3,33258,0.756389440134704
71,4,35945,0.145973014327445
71,5,324585,0.0629973658671843
71,6,184338,0.0162310538250388
71,7,959635,0.00604188050665097
71,8,131209,0.00188249281680373
71,9,105703,0.00321655960568763
71,10,809,0.0123609394313968
71,11,52,NA
72,-12,16,NA
72,-11,718,0.161559888579387
72,-10,2721,0.00514516721793458
72,-9,6068,0.0477916941331576
72,-8,8096,0.0689229249011858
72,-7,26374,0.0284750132706453
72,-6,11359,0.0750066026938991
72,-5,27098,0.104509557900952
72,-4,4789,0.327416997285446
72,-3,4274,1.65021057557323
72,-2,498,3.18473895582329
72,-1,514,22.6945525291829
72,0,80175,NA
72,1,514,26.5233463035019
72,2,498,5.81726907630522
72,3,4274,2.00444548432382
72,4,4789,0.509083315932345
72,5,27098,0.116982803158905
72,6,11359,0.0501804736332424
72,7,26374,0.0263896261469629
72,8,8096,0.0274209486166008
72,9,6068,0.0262030323005933
72,10,2721,0.00257258360896729
72,11,718,0.0306406685236769
72,12,16,NA
73,-11,1080,NA
73,-10,1413,NA
73,-9,44438,0.00294792744948017
73,-8,97810,0.00162560065432982
73,-7,209806,0.0173064640668046
73,-6,60745,0.0399868301917853
73,-5,129593,0.0652658708417893
73,-4,20112,0.124850835322196
73,-3,15717,0.841318317745117
73,-2,1280,2.69765625
73,-1,1306,18.2886676875957
73,0,541649,NA
73,1,1306,21.2151607963247
73,2,1280,4.07109375
73,3,15717,0.91709613793981
73,4,20112,0.188693317422434
73,5,129593,0.0692861497148766
73,6,60745,0.0412379619721788
73,7,209806,0.0135220155762943
73,8,97810,0.00130865964625294
73,9,44438,0.006008371213826
73,10,1413,NA
73,11,1080,NA
74,-15,7956,0.000879839115133233
74,-14,386999,0.00276744901149615
74,-13,3063572,0.00316884995684776
74,-12,6042637,0.00486939725156418
74,-11,9261929,0.00369879751831395
74,-10,2972353,0.00691943386266705
74,-9,29170120,0.00553203072184823
74,-8,5663853,0.00589086616478217
74,-7,6764482,0.0181409308207191
74,-6,1099729,0.0196066485470511
74,-5,999375,0.0868602876797998
74,-4,145893,0.115797193833837
74,-3,148506,0.553506255639503
74,-2,15804,0.986395849152113
74,-1,15820,9.89285714285714
74,0,118785985,NA
74,1,15820,12.6014538558786
74,2,15804,1.24234371045305
74,3,148506,0.685763538173542
74,4,145893,0.186417442920497
74,5,999375,0.104971607254534
74,6,1099729,0.0271630556255223
74,7,6764482,0.0160998284864975
74,8,5663853,0.00570848148777873
74,9,29170120,0.00501228654527305
74,10,2972353,0.00579439925204038
74,11,9261929,0.00308445465302097
74,12,6042637,0.00259522456834657
74,13,3063572,0.00178549745199394
74,14,386999,0.00249096250894705
74,15,7956,0.00188536953242836
75,-5,834,0.0911270983213429
75,-4,240,0.00416666666666667
75,-3,1598,0.650187734668335
75,-2,88,1.89772727272727
75,-1,109,18.2477064220184
75,0,6362,NA
75,1,109,17.1559633027523
75,2,88,1.68181818181818
75,3,1598,0.783479349186483
75,4,240,0.0416666666666667
75,5,834,0.0971223021582734
76,-7,2117,0.0283419933868682
76,-6,2017,0.0312345066931086
76,-5,4484,0.180419268510259
76,-4,1101,0.20708446866485
76,-3,1407,1.27007818052594
76,-2,171,2.21637426900585
76,-1,182,15.9230769230769
76,0,10531,NA
76,1,182,20.3901098901099
76,2,171,4.47368421052632
76,3,1407,1.48329779673063
76,4,1101,0.258855585831063
76,5,4484,0.18978590544157
76,6,2017,0.045612295488349
76,7,2117,0.0207841284837034
77,-11,66,0.196969696969697
77,-10,1314,0.0228310502283105
77,-9,45824,0.0187456354748603
77,-8,14959,0.0173139915769771
77,-7,63810,0.0501802225356527
77,-6,21578,0.0552414496246177
77,-5,22254,0.113912105688865
77,-4,5221,0.232139436889485
77,-3,4910,0.787372708757637
77,-2,735,1.55238095238095
77,-1,746,9.74932975871314
77,0,195175,NA
77,1,746,11.6836461126005
77,2,735,2.17687074829932
77,3,4910,0.931975560081466
77,4,5221,0.260294962650833
77,5,22254,0.11863035858722
77,6,21578,0.0548243581425526
77,7,63810,0.0508854411534242
77,8,14959,0.0183835817902266
77,9,45824,0.0145120460893855
77,10,1314,0.0266362252663623
77,11,66,0.0454545454545455
78,-11,9801,0.0185695337210489
78,-10,9558,0.213119899560578
78,-9,59086,0.0521443319906577
78,-8,53198,0.0436670551524493
78,-7,87884,0.0934527331482409
78,-6,34896,0.0881189821182944
78,-5,40224,0.188196101829753
78,-4,7869,0.325073071546575
78,-3,7272,1.33470847084708
78,-2,902,1.89689578713969
78,-1,909,16.2684268426843
78,0,204902,NA
78,1,909,22.0770077007701
78,2,902,2.80820399113082
78,3,7272,1.35189768976898
78,4,7869,0.362816113864532
78,5,40224,0.228445704057279
78,6,34896,0.144429160935351
78,7,87884,0.0872172409084703
78,8,53198,0.0455844204669349
78,9,59086,0.103493213282334
78,10,9558,0.212701401966939
78,11,9801,0.0225487195184165
79,-11,22918,4.36338249410943e-05
79,-10,23905,0.000125496758000418
79,-9,1326288,0.00553650489184853
79,-8,466383,0.00874603062290006
79,-7,673361,0.0482297014528611
79,-6,154402,0.0499863991399075
79,-5,129560,0.117304723680148
79,-4,23076,0.117481365921304
79,-3,28609,0.457793002202104
79,-2,2977,0.909640577762848
79,-1,2991,11.6496155132063
79,0,3243124,NA
79,1,2991,17.8555667001003
79,2,2977,2.95297279140074
79,3,28609,0.835296584990737
79,4,23076,0.397165886635465
79,5,129560,0.159192652053103
79,6,154402,0.0731596740974858
79,7,673361,0.0541923277409889
79,8,466383,0.0124575724243808
79,9,1326288,0.00371789535907737
79,10,23905,0.000418322526668061
79,11,22918,4.36338249410943e-05
80,-11,17702,0.0105072873121681
80,-10,9903,0.00727052408361103
80,-9,90703,0.0161295657254997
80,-8,97377,0.0267208889162739
80,-7,86014,0.0812309624014695
80,-6,29084,0.0833791775546692
80,-5,33029,0.29340882254988
80,-4,8089,0.459142044752133
80,-3,7152,1.42994966442953
80,-2,1015,3.11231527093596
80,-1,1026,20.3469785575049
80,0,292541,NA
80,1,1026,24.2612085769981
80,2,1015,6.30738916256158
80,3,7152,2.00880872483221
80,4,8089,0.797750030906169
80,5,33029,0.37600290653668
80,6,29084,0.123332416448907
80,7,86014,0.0901248633943312
80,8,97377,0.0361584357702538
80,9,90703,0.0197898636208284
80,10,9903,0.0157528021811572
80,11,17702,0.0127104282002034
81,-17,80444,1.2431007906121e-05
81,-16,168977,0.00392952887079307
81,-15,1868196,0.00171823513164572
81,-14,3492980,0.00153736923772825
81,-13,13159186,0.0104332441231547
81,-12,17460271,0.0271267267272082
81,-11,34498577,0.0081943090000495
81,-10,14116043,0.00899473032208819
81,-9,29617413,0.00599603348206002
81,-8,7800349,0.0102344138704564
81,-7,8289687,0.0232862833059921
81,-6,1599893,0.0335572441407019
81,-5,1970399,0.096403317297664
81,-4,200284,0.186295460446166
81,-3,252002,0.948024222029984
81,-2,19376,0.936158133773741
81,-1,19386,14.588311152378
81,0,106628843,NA
81,1,19386,18.356803879088
81,2,19376,1.50872213047069
81,3,252002,1.12132840215554
81,4,200284,0.307538295620219
81,5,1970399,0.129067259981354
81,6,1599893,0.0465881155802294
81,7,8289687,0.0271204449576927
81,8,7800349,0.0158749307242535
81,9,29617413,0.00685367084559342
81,10,14116043,0.00583853421245601
81,11,34498577,0.00353913148359716
81,12,17460271,0.00549613462471462
81,13,13159186,0.00655450876672765
81,14,3492980,0.011091961591535
81,15,1868196,0.0123884217715914
81,16,168977,0.086508814809116
81,17,80444,0.00113122171945701
82,-9,420,0.452380952380952
82,-8,784,3.08163265306122
82,-7,2124,1.63418079096045
82,-6,1224,1.36111111111111
82,-5,2383,1.67519932857742
82,-4,768,1.46484375
82,-3,833,4.35654261704682
82,-2,150,4.71333333333333
82,-1,157,24.4331210191083
82,0,7278,NA
82,1,157,25.8853503184713
82,2,150,7.78666666666667
82,3,833,3.83073229291717
82,4,768,1.54427083333333
82,5,2383,1.62610155266471
82,6,1224,1.43709150326797
82,7,2124,1.58992467043315
82,8,784,2.45918367346939
82,9,420,0.504761904761905
83,-7,60,0.0166666666666667
83,-6,23,NA
83,-5,1112,1.47751798561151
83,-4,444,0.376126126126126
83,-3,718,2.78690807799443
83,-2,90,3.14444444444444
83,-1,98,22.5714285714286
83,0,4711,NA
83,1,98,30.1020408163265
83,2,90,5.61111111111111
83,3,718,3.94707520891365
83,4,444,1.41666666666667
83,5,1112,1.9136690647482
83,6,23,NA
83,7,60,0.266666666666667
84,-9,5332,0.0110652663165791
84,-8,13760,0.0864098837209302
84,-7,21747,0.327447464018025
84,-6,7504,0.351945628997868
84,-5,8185,0.794990836896762
84,-4,3285,1.18751902587519
84,-3,2328,3.79810996563574
84,-2,418,4.08612440191388
84,-1,424,21.1320754716981
84,0,54659,NA
84,1,424,21.9599056603774
84,2,418,6.05502392344498
84,3,2328,5.19458762886598
84,4,3285,2.18325722983257
84,5,8185,1.02492364080635
84,6,7504,0.380197228144989
84,7,21747,0.251069112981101
84,8,13760,0.064171511627907
84,9,5332,0.0108777194298575
85,-12,1403,0.00498930862437634
85,-11,15911,0.0506567783294576
85,-10,18248,0.0307978956597983
85,-9,29505,0.244839857651246
85,-8,18795,0.103857408885342
85,-7,49162,0.0545339896668158
85,-6,17273,0.150002894691136
85,-5,20165,0.358740391767915
85,-4,5186,0.746432703432318
85,-3,3882,1.80680061823802
85,-2,683,3.6207906295754
85,-1,691,14.5455861070912
85,0,117056,NA
85,1,691,17.2648335745297
85,2,683,4.39677891654466
85,3,3882,2.10561566202988
85,4,5186,0.748746625530274
85,5,20165,0.406992313414332
85,6,17273,0.139755688068083
85,7,49162,0.0530287620519914
85,8,18795,0.106358073955839
85,9,29505,0.218810371123538
85,10,18248,0.00750767207365191
85,11,15911,0.0123813713782917
85,12,1403,0.00142551674982181
86,-13,81482,0.105336147860877
86,-12,237988,0.0302830394809822
86,-11,535075,0.0282801476428538
86,-10,351335,0.0280017646975109
86,-9,825159,0.0336007969373175
86,-8,302903,0.0598244322439857
86,-7,430473,0.153960875594985
86,-6,192237,0.171845170284597
86,-5,152121,0.510199117807535
86,-4,24164,0.623117033603708
86,-3,21098,1.65574936012892
86,-2,2855,2.8399299474606
86,-1,2872,10.5107938718663
86,0,1934605,NA
86,1,2872,12.767061281337
86,2,2855,4.12084063047285
86,3,21098,2.24286662242867
86,4,24164,1.50459361032942
86,5,152121,0.608331525561888
86,6,192237,0.181531130843698
86,7,430473,0.199559554257758
86,8,302903,0.0806429781151062
86,9,825159,0.0326870336504843
86,10,351335,0.0249220829123202
86,11,535075,0.0311769378124562
86,12,237988,0.0357202884179034
86,13,81482,0.0893203406887411
87,-9,4680,0.00192307692307692
87,-8,1440,0.000694444444444444
87,-7,3973,0.155298263277121
87,-6,2515,0.172564612326044
87,-5,3836,0.699947862356621
87,-4,1315,0.834220532319392
87,-3,1354,1.66543574593796
87,-2,231,2.59307359307359
87,-1,237,13.1434599156118
87,0,17482,NA
87,1,237,16.8818565400844
87,2,231,5.03463203463203
87,3,1354,1.94977843426883
87,4,1315,1.04486692015209
87,5,3836,0.793534932221064
87,6,2515,0.181312127236581
87,7,3973,0.204379562043796
87,8,1440,0.00277777777777778
87,9,4680,0.00213675213675214
88,-11,503,NA
88,-10,3216,0.00186567164179104
88,-9,11969,0.00818781853120561
88,-8,7607,0.0261601156829236
88,-7,21131,0.0649283043869197
88,-6,6745,0.110600444773907
88,-5,9333,0.451194685524483
88,-4,2930,0.653924914675768
88,-3,3144,1.30502544529262
88,-2,431,2.33874709976798
88,-1,437,12.8215102974828
88,0,56952,NA
88,1,437,16.4782608695652
88,2,431,4.8631090487239
88,3,3144,1.78117048346056
88,4,2930,1.06313993174061
88,5,9333,0.531447551698275
88,6,6745,0.193476649369904
88,7,21131,0.0967772466991624
88,8,7607,0.0427238070198501
88,9,11969,0.00944105606149219
88,10,3216,0.00186567164179104
88,11,503,NA
