"Head","SRD","Count","Comm_freq"
1,-6,153,0.0718954248366013
1,-5,1420,0.0225352112676056
1,-4,10737,0.0356710440532737
1,-3,61060,0.117376351130036
1,-2,185641,0.174137178748229
1,-1,341398,0.200045108641527
1,0,512663,0.284005282222435
1,1,341398,0.224515082103586
1,2,185641,0.136052919344326
1,3,61060,0.0921552571241402
1,4,10737,0.0742293005495017
1,5,1420,0.0295774647887324
1,6,153,0.0392156862745098
2,-5,117,NA
2,-4,1259,0.00317712470214456
2,-3,9980,0.0238476953907816
2,-2,37838,0.0855489190760611
2,-1,92965,0.221083203356102
2,0,142091,0.382860279679923
2,1,92965,0.258430592158339
2,2,37838,0.160975738675406
2,3,9980,0.165430861723447
2,4,1259,0.432883240667196
2,5,117,0.623931623931624
3,-6,37,NA
3,-5,633,0.00157977883096367
3,-4,4171,0.0167825461520019
3,-3,14803,0.0262784570695129
3,-2,34727,0.0761367235868344
3,-1,60509,0.413508734237882
3,0,77156,0.494556482969568
3,1,60509,0.506189161942851
3,2,34727,0.11403230915426
3,3,14803,0.062217118151726
3,4,4171,0.0855909853752098
3,5,633,0.140600315955766
3,6,37,0.297297297297297
4,-7,27,NA
4,-6,228,NA
4,-5,917,NA
4,-4,2863,0.005588543485854
4,-3,3771,0.122248740387165
4,-2,4752,0.297558922558923
4,-1,9782,0.9671846248211
4,0,13884,1.31611927398444
4,1,9782,1.16479247597628
4,2,4752,0.542929292929293
4,3,3771,0.18960487934235
4,4,2863,0.0314355571079287
4,5,917,NA
4,6,228,NA
4,7,27,NA
5,-4,7,NA
5,-3,128,0.21875
5,-2,905,1.15469613259669
5,-1,3034,2.52043506921556
5,0,4621,2.35663276347111
5,1,3034,2.95088991430455
5,2,905,1.90718232044199
5,3,128,0.984375
5,4,7,0.571428571428571
6,-5,101,NA
6,-4,871,0.0275545350172216
6,-3,3393,0.0769230769230769
6,-2,8441,0.29700272479564
6,-1,12146,0.690515396015149
6,0,18740,1.16270010672359
6,1,12146,0.771776716614523
6,2,8441,0.446392607510958
6,3,3393,0.13586796345417
6,4,871,0.060849598163031
6,5,101,NA
7,-7,13,NA
7,-6,1223,0.000817661488143908
7,-5,13535,0.00177318064277798
7,-4,129822,0.00402089014188658
7,-3,832629,0.00867493205257083
7,-2,4193021,0.0164356438949388
7,-1,12471480,0.0332906760063761
7,0,18328238,0.0451254506843484
7,1,12471480,0.0374770275861406
7,2,4193021,0.0240697578190045
7,3,832629,0.0265868712235582
7,4,129822,0.0532575372433024
7,5,13535,0.0891023272995937
7,6,1223,0.00735895339329518
7,7,13,NA
8,-5,84,NA
8,-4,1207,0.0231980115990058
8,-3,9874,0.0466882722300993
8,-2,65095,0.109762654581765
8,-1,189646,0.215032217921812
8,0,305413,0.304702157406528
8,1,189646,0.219566982694072
8,2,65095,0.127321606882249
8,3,9874,0.172878266153535
8,4,1207,0.471416735708368
8,5,84,1.4047619047619
9,-8,8,NA
9,-7,350,NA
9,-6,3559,0.00365271143579657
9,-5,29637,0.0196713567500084
9,-4,219206,0.0240869319270458
9,-3,1173754,0.016316025334099
9,-2,4092650,0.0201216815510733
9,-1,9321081,0.0398319679874039
9,0,12869039,0.0686905991970341
9,1,9321081,0.0450640864509171
9,2,4092650,0.0321921004727988
9,3,1173754,0.042752569959293
9,4,219206,0.0978531609536235
9,5,29637,0.184701555488072
9,6,3559,0.214386063500983
9,7,350,0.114285714285714
9,8,8,NA
10,-8,5,NA
10,-7,340,NA
10,-6,4871,0.000205296653664545
10,-5,46646,0.0032585859452043
10,-4,369636,0.0061655250029759
10,-3,2373647,0.00836855690841983
10,-2,10760465,0.0122022607759051
10,-1,30836023,0.0216822707649425
10,0,48528258,0.0277278240648983
10,1,30836023,0.0241010327434247
10,2,10760465,0.0170778865039754
10,3,2373647,0.0220719424581667
10,4,369636,0.0483232152712398
10,5,46646,0.0905329503065643
10,6,4871,0.0835557380414699
10,7,340,0.0117647058823529
10,8,5,NA
11,-9,2,NA
11,-8,39,NA
11,-7,386,NA
11,-6,2832,NA
11,-5,14322,0.00391006842619746
11,-4,54265,0.0283423938081636
11,-3,142290,0.0390470166561248
11,-2,311707,0.0555682098894154
11,-1,574824,0.128515858767205
11,0,726187,0.174494999221963
11,1,574824,0.13485693012122
11,2,311707,0.0740342693619328
11,3,142290,0.0577904279991567
11,4,54265,0.0429558647378605
11,5,14322,0.0410557184750733
11,6,2832,0.00494350282485876
11,7,386,NA
11,8,39,NA
11,9,2,NA
12,-9,9,NA
12,-8,97,NA
12,-7,765,NA
12,-6,4110,0.00316301703163017
12,-5,15613,0.00832639467110741
12,-4,45655,0.0105136348702223
12,-3,97889,0.0341304947440468
12,-2,120084,0.0986309583291696
12,-1,153084,0.264286274202399
12,0,200757,0.986829849021454
12,1,153084,0.360194403072823
12,2,120084,0.159121947969755
12,3,97889,0.052957942158976
12,4,45655,0.0232395137443873
12,5,15613,0.0142189201306603
12,6,4110,0.00656934306569343
12,7,765,NA
12,8,97,NA
12,9,9,NA
13,-8,12,NA
13,-7,201,NA
13,-6,1817,NA
13,-5,11612,0.00111953151911815
13,-4,53960,0.00537435137138621
13,-3,184227,0.0177878378305026
13,-2,483255,0.0550330570816649
13,-1,919279,0.138597748887987
13,0,1185674,0.202981595278297
13,1,919279,0.147911569828094
13,2,483255,0.0771497449586657
13,3,184227,0.0371661048597654
13,4,53960,0.0347479614529281
13,5,11612,0.0221322769548743
13,6,1817,0.0110071546505228
13,7,201,NA
13,8,12,NA
14,-6,17,NA
14,-5,90,NA
14,-4,581,0.0481927710843374
14,-3,2106,0.139126305792972
14,-2,4498,0.468430413517119
14,-1,10026,1.00937562337921
14,0,15093,1.35526402968263
14,1,10026,1.13814083383204
14,2,4498,0.885504668741663
14,3,2106,0.248812915479582
14,4,581,0.135972461273666
14,5,90,NA
14,6,17,NA
15,-4,83,0.0481927710843374
15,-3,763,0.310615989515072
15,-2,2808,0.378561253561254
15,-1,10793,0.663114981932734
15,0,17331,0.701690612197796
15,1,10793,0.670434540906143
15,2,2808,0.563390313390313
15,3,763,0.499344692005242
15,4,83,0.0120481927710843
16,-6,20,NA
16,-5,163,NA
16,-4,990,0.0505050505050505
16,-3,3775,0.117880794701987
16,-2,9260,0.332181425485961
16,-1,18306,0.845515131650825
16,0,24972,1.18236424795771
16,1,18306,1.12498634327543
16,2,9260,0.53866090712743
16,3,3775,0.233112582781457
16,4,990,0.237373737373737
16,5,163,0.049079754601227
16,6,20,0.4
17,-11,85,NA
17,-10,1208,0.000827814569536424
17,-9,9658,0.000621246634914061
17,-8,64987,0.0014926062135504
17,-7,318713,0.00141506621945136
17,-6,972912,0.00328806716332001
17,-5,1959730,0.00417812657866135
17,-4,3289605,0.00508571697817824
17,-3,4729428,0.00796206221978639
17,-2,6189158,0.0165403759283573
17,-1,7176537,0.050660645935498
17,0,7729558,0.0990222209342369
17,1,7176537,0.0522759096762127
17,2,6189158,0.0191253802213483
17,3,4729428,0.0104585586248485
17,4,3289605,0.00720572834732438
17,5,1959730,0.00615186785934798
17,6,972912,0.00499325735523871
17,7,318713,0.00456837342687622
17,8,64987,0.00430855401849601
17,9,9658,0.00300269206875129
17,10,1208,NA
17,11,85,NA
18,-10,82,NA
18,-9,1294,0.00154559505409583
18,-8,7286,0.0131759538841614
18,-7,19652,0.0426928556889884
18,-6,30221,0.0738559279970881
18,-5,35886,0.130552304519868
18,-4,51418,0.105293865961336
18,-3,82195,0.119836973051889
18,-2,103449,0.179093079681776
18,-1,130298,0.455325484658245
18,0,162202,0.691810211957929
18,1,130298,0.41869407051528
18,2,103449,0.233487032257441
18,3,82195,0.15809964109739
18,4,51418,0.157940798942005
18,5,35886,0.184250125397091
18,6,30221,0.0963899275338341
18,7,19652,0.0762772236922451
18,8,7286,0.0573702992039528
18,9,1294,0.00231839258114374
18,10,82,NA
19,-6,3,NA
19,-5,54,NA
19,-4,350,0.0428571428571429
19,-3,1683,0.0855614973262032
19,-2,5653,0.341234742614541
19,-1,11452,1.15141460006986
19,0,14510,1.71509303928325
19,1,11452,1.31400628711142
19,2,5653,0.516539890323722
19,3,1683,0.417112299465241
19,4,350,1.10571428571429
19,5,54,0.796296296296296
19,6,3,NA
20,-6,5,NA
20,-5,60,NA
20,-4,393,0.0279898218829517
20,-3,2238,0.0759606791778374
20,-2,6901,0.31633096652659
20,-1,14727,0.717050315746588
20,0,42556,1.13424663972178
20,1,14727,0.756433761119033
20,2,6901,0.228372699608752
20,3,2238,0.0969615728328865
20,4,393,0.0712468193384224
20,5,60,NA
20,6,5,NA
21,-6,11,NA
21,-5,1140,NA
21,-4,13558,0.00575306092344004
21,-3,71064,0.0123128447596533
21,-2,361817,0.0276327535743207
21,-1,1120172,0.0547228461343436
21,0,1806205,0.0859952220262927
21,1,1120172,0.0715363354913353
21,2,361817,0.0563019426947877
21,3,71064,0.0786614882359563
21,4,13558,0.143974037468653
21,5,1140,1.3640350877193
21,6,11,NA
22,-9,23,NA
22,-8,117,NA
22,-7,552,NA
22,-6,3174,NA
22,-5,13084,0.00428003668602874
22,-4,39666,0.0106640447738617
22,-3,104398,0.0292917488840782
22,-2,312876,0.0677073345350874
22,-1,698451,0.168968188176408
22,0,935039,0.394023137002842
22,1,698451,0.193241902438396
22,2,312876,0.0940947851545021
22,3,104398,0.0424816567367191
22,4,39666,0.0279332425755055
22,5,13084,0.0171201467441149
22,6,3174,0.000630119722747322
22,7,552,NA
22,8,117,NA
22,9,23,NA
23,-7,8,NA
23,-6,158,NA
23,-5,1285,0.0046692607003891
23,-4,9209,0.0357259202953632
23,-3,56096,0.030501283513976
23,-2,280029,0.0491913337547183
23,-1,757869,0.10033000426195
23,0,2547453,0.0981670711883595
23,1,757869,0.133220912849054
23,2,280029,0.0811951619296573
23,3,56096,0.107975613234455
23,4,9209,0.112824410902378
23,5,1285,0.0116731517509728
23,6,158,NA
23,7,8,NA
24,-6,47,NA
24,-5,1441,0.00277585010409438
24,-4,15048,0.0100345560871877
24,-3,100471,0.0254501298882265
24,-2,457072,0.0446778625686982
24,-1,1643928,0.0689561829958489
24,0,2565302,0.105984012798493
24,1,1643928,0.096534641419819
24,2,457072,0.110439930689257
24,3,100471,0.116809825720855
24,4,15048,0.176169590643275
24,5,1441,0.419847328244275
24,6,47,0.0425531914893617
25,-11,37,NA
25,-10,535,NA
25,-9,3380,NA
25,-8,16995,NA
25,-7,62505,0.00443164546836253
25,-6,146513,0.00883880611276815
25,-5,222940,0.0151655153853055
25,-4,300888,0.0194391268511872
25,-3,503691,0.0351465481813255
25,-2,1286583,0.0596385930794982
25,-1,2820785,0.106978376586659
25,0,3870337,0.146595244806848
25,1,2820785,0.114676942765932
25,2,1286583,0.0636670933783518
25,3,503691,0.0450554010295995
25,4,300888,0.0420555156736061
25,5,222940,0.0305239077778775
25,6,146513,0.0195887054391078
25,7,62505,0.0060475161987041
25,8,16995,0.000470726684318917
25,9,3380,NA
25,10,535,NA
25,11,37,NA
26,-7,4,NA
26,-6,86,0.0116279069767442
26,-5,992,0.00705645161290323
26,-4,8583,0.0216707444949318
26,-3,53288,0.0446066656658159
26,-2,241066,0.0796130520272456
26,-1,816884,0.112696539533153
26,0,1662770,0.133192203371483
26,1,816884,0.150557484293976
26,2,241066,0.154177694075481
26,3,53288,0.203741930641045
26,4,8583,0.534312012116975
26,5,992,0.706653225806452
26,6,86,1.65116279069767
26,7,4,NA
27,-7,15,NA
27,-6,137,NA
27,-5,1029,0.00388726919339164
27,-4,10792,0.0173276501111935
27,-3,25263,0.0250168230218106
27,-2,154703,0.0465537190616859
27,-1,417900,0.106255084948552
27,0,608226,0.216771397473965
27,1,417900,0.145139985642498
27,2,154703,0.0883951830281249
27,3,25263,0.113050706566916
27,4,10792,0.0358598962194218
27,5,1029,0.010689990281827
27,6,137,NA
27,7,15,NA
28,-7,21,NA
28,-6,526,NA
28,-5,6206,0.000966806316467934
28,-4,47344,0.00608313619466036
28,-3,261284,0.0155884018921939
28,-2,1036966,0.0329827593190134
28,-1,2919602,0.0578181546662867
28,0,4603978,0.0984956922035684
28,1,2919602,0.0781757239514153
28,2,1036966,0.0607204093480403
28,3,261284,0.0562376571087399
28,4,47344,0.0848893207164583
28,5,6206,0.0235256203673864
28,6,526,NA
28,7,21,NA
29,-6,18,NA
29,-5,303,0.0231023102310231
29,-4,2820,0.0148936170212766
29,-3,17034,0.0480216038511213
29,-2,77272,0.132518894295476
29,-1,252405,0.221786414690676
29,0,516905,0.294918795523355
29,1,252405,0.270438382757869
29,2,77272,0.209066673568692
29,3,17034,0.209756956674886
29,4,2820,0.356028368794326
29,5,303,0.574257425742574
29,6,18,0.611111111111111
30,-6,36,NA
30,-5,628,NA
30,-4,6259,0.00223677903818501
30,-3,42150,0.00460260972716489
30,-2,184059,0.00994246410118495
30,-1,500894,0.0201918968883636
30,0,743117,0.0298459058264042
30,1,500894,0.0237195893741989
30,2,184059,0.0140389766324928
30,3,42150,0.00524317912218268
30,4,6259,0.00351493848857645
30,5,628,NA
30,6,36,NA
31,-7,45,NA
31,-6,526,NA
31,-5,4134,0.00217706821480406
31,-4,23495,0.005703341136412
31,-3,97768,0.0216533016938057
31,-2,281438,0.0602832595456193
31,-1,625963,0.133089335951166
31,0,847111,0.288414387252674
31,1,625963,0.159071702321064
31,2,281438,0.0812647901136307
31,3,97768,0.0437464200965551
31,4,23495,0.0400936369440306
31,5,4134,0.0297532656023222
31,6,526,NA
31,7,45,NA
32,-8,1,NA
32,-7,193,0.0155440414507772
32,-6,2288,0.00655594405594406
32,-5,19537,0.00235450683318831
32,-4,119887,0.00267752133258819
32,-3,460211,0.00756392176632023
32,-2,1130460,0.0282495621251526
32,-1,1857947,0.0977729719954337
32,0,2280728,0.143675177399497
32,1,1857947,0.113079651895345
32,2,1130460,0.0419245262990287
32,3,460211,0.020375436484569
32,4,119887,0.0260912359138188
32,5,19537,0.090290218559656
32,6,2288,0.325611888111888
32,7,193,0.880829015544041
32,8,1,NA
33,-7,46,NA
33,-6,456,NA
33,-5,3254,0.00522433927473878
33,-4,15041,0.0185492985838708
33,-3,50660,0.0376431109356494
33,-2,117771,0.0937157704358458
33,-1,200896,0.238616000318573
33,0,243852,0.553901546839886
33,1,200896,0.267616079961771
33,2,117771,0.148050029294139
33,3,50660,0.0828069482826688
33,4,15041,0.06189748022073
33,5,3254,0.0338045482483098
33,6,456,0.0087719298245614
33,7,46,NA
34,-6,13,NA
34,-5,234,NA
34,-4,2152,0.0274163568773234
34,-3,12803,0.0549090057017886
34,-2,48913,0.127859669208595
34,-1,114217,0.270704010786485
34,0,154561,0.402255420190087
34,1,114217,0.304691946032552
34,2,48913,0.154089914746591
34,3,12803,0.107474810591268
34,4,2152,0.175650557620818
34,5,234,0.102564102564103
34,6,13,NA
35,-5,111,NA
35,-4,1419,0.0577871740662438
35,-3,7817,0.204810029423052
35,-2,20808,0.198577470203768
35,-1,44611,0.295846315931048
35,0,62068,0.805036411677515
35,1,44611,0.299410459303759
35,2,20808,0.210688196847366
35,3,7817,0.280286554944352
35,4,1419,0.0739957716701903
35,5,111,0.018018018018018
36,-6,2,NA
36,-5,83,0.0120481927710843
36,-4,687,0.0334788937409025
36,-3,3365,0.163744427934621
36,-2,9790,0.466189989785495
36,-1,15857,1.52872548401337
36,0,19956,1.8468630988174
36,1,15857,1.56214920855143
36,2,9790,0.55464759959142
36,3,3365,0.201783060921248
36,4,687,0.0829694323144105
36,5,83,0.0120481927710843
36,6,2,NA
37,-5,201,NA
37,-4,4498,0.00200088928412628
37,-3,14323,0.0173846261258116
37,-2,46921,0.0541974808721042
37,-1,42744,0.362319857757814
37,0,86227,0.512716434527468
37,1,42744,0.398278120905858
37,2,46921,0.0897679077598517
37,3,14323,0.0430077497730922
37,4,4498,0.0106714095153402
37,5,201,0.124378109452736
38,-8,61,NA
38,-7,544,NA
38,-6,3618,0.000829187396351575
38,-5,23089,0.00103945601801724
38,-4,139838,0.00640741429368269
38,-3,478285,0.00697910241801436
38,-2,1009014,0.0167777652242684
38,-1,3300970,0.0305643492670336
38,0,6001283,0.0818843237354413
38,1,3300970,0.0361914831095102
38,2,1009014,0.0305000723478564
38,3,478285,0.0285771036097724
38,4,139838,0.0542484875355769
38,5,23089,0.00268526137987786
38,6,3618,0.000829187396351575
38,7,544,NA
38,8,61,NA
39,-7,10,NA
39,-6,308,0.00324675324675325
39,-5,2323,0.000430477830391735
39,-4,15245,0.00997048212528698
39,-3,61604,0.0296409324069866
39,-2,214454,0.0646245814953323
39,-1,388943,0.162555952928835
39,0,513867,0.239688479703892
39,1,388943,0.186837145802855
39,2,214454,0.0884245572477081
39,3,61604,0.0701902473865333
39,4,15245,0.125614955723188
39,5,2323,0.205337925096857
39,6,308,0.00324675324675325
39,7,10,NA
40,-5,6,NA
40,-4,133,0.120300751879699
40,-3,1468,0.193460490463215
40,-2,11248,0.293296586059744
40,-1,28402,0.624427857193155
40,0,38590,0.706193314330137
40,1,28402,0.674565171466798
40,2,11248,0.42674253200569
40,3,1468,0.780653950953679
40,4,133,1.40601503759399
40,5,6,0.833333333333333
41,-10,24,NA
41,-9,811,NA
41,-8,7561,0.00171934929242164
41,-7,46797,0.00258563583135671
41,-6,183085,0.00509599366414507
41,-5,286217,0.0100657892438255
41,-4,535537,0.0112802663494772
41,-3,531177,0.0128036417239451
41,-2,704906,0.0242401114474838
41,-1,778374,0.0882788993465866
41,0,1087122,0.341164101177237
41,1,778374,0.104009126718004
41,2,704906,0.0377341092287483
41,3,531177,0.0330078297817865
41,4,535537,0.0132689244627355
41,5,286217,0.0134443446755434
41,6,183085,0.00703498375071688
41,7,46797,0.00147445349060837
41,8,7561,0.00145483401666446
41,9,811,0.00863131935881628
41,10,24,NA
42,-6,5,NA
42,-5,68,NA
42,-4,732,0.0177595628415301
42,-3,4616,0.0686741767764298
42,-2,21296,0.186185199098422
42,-1,65644,0.399579550301627
42,0,100434,0.627357269450584
42,1,65644,0.476083114983852
42,2,21296,0.25347483095417
42,3,4616,0.0972703639514731
42,4,732,0.0177595628415301
42,5,68,0.0147058823529412
42,6,5,NA
43,-5,123,NA
43,-4,2006,0.00498504486540379
43,-3,17024,0.0428218984962406
43,-2,136308,0.0699151920650292
43,-1,661421,0.115016003422933
43,0,1151797,0.282653106406771
43,1,661421,0.143285441496414
43,2,136308,0.104476626463597
43,3,17024,0.122121710526316
43,4,2006,0.440677966101695
43,5,123,NA
44,-11,69,NA
44,-10,1158,NA
44,-9,8775,0.000455840455840456
44,-8,46145,0.00205872792285188
44,-7,192433,0.00182401147412346
44,-6,574765,0.00443137630161892
44,-5,1107439,0.00410948142516202
44,-4,1313399,0.00876961228080727
44,-3,1145841,0.0164272355414058
44,-2,1321609,0.0503666364257508
44,-1,2077243,0.123093927864963
44,0,2629537,0.250501514144886
44,1,2077243,0.1515195862978
44,2,1321609,0.0635619158162512
44,3,1145841,0.0334217400145395
44,4,1313399,0.0179884406794889
44,5,1107439,0.0120440042295783
44,6,574765,0.0119909876210277
44,7,192433,0.004843244142117
44,8,46145,0.0016903239787626
44,9,8775,NA
44,10,1158,NA
44,11,69,NA
45,-11,2,NA
45,-10,126,NA
45,-9,1247,NA
45,-8,9737,0.00102701037280477
45,-7,65336,0.00518856373209257
45,-6,190508,0.0146135595355576
45,-5,311523,0.0233177004587141
45,-4,320685,0.0578106241327159
45,-3,399987,0.052271698830212
45,-2,979961,0.0587839720152128
45,-1,2028177,0.0976113031554938
45,0,2728846,0.247720831443035
45,1,2028177,0.115095477367113
45,2,979961,0.0688884557650764
45,3,399987,0.0465565130866753
45,4,320685,0.0365904236244289
45,5,311523,0.0185925276785342
45,6,190508,0.0127658681000273
45,7,65336,0.00384167993143137
45,8,9737,0.00143781452192667
45,9,1247,NA
45,10,126,NA
45,11,2,NA
46,-6,5,NA
46,-5,263,NA
46,-4,3246,0.00523721503388786
46,-3,22136,0.0516353451391399
46,-2,110005,0.0918321894459343
46,-1,345761,0.198136863324666
46,0,545152,0.370265540619864
46,1,345761,0.248321817671744
46,2,110005,0.127785100677242
46,3,22136,0.098075533068305
46,4,3246,0.177757239679606
46,5,263,0.0190114068441065
46,6,5,NA
47,-4,10,0.1
47,-3,158,0.20253164556962
47,-2,858,0.516317016317016
47,-1,2261,1.54975674480318
47,0,3426,3.18563922942207
47,1,2261,1.61079168509509
47,2,858,0.735431235431235
47,3,158,0.468354430379747
47,4,10,NA
48,-5,2,NA
48,-4,34,3.29411764705882
48,-3,273,1.52014652014652
48,-2,1308,0.734709480122324
48,-1,3669,1.51103843008994
48,0,5304,1.72963800904977
48,1,3669,1.63913872989916
48,2,1308,0.958715596330275
48,3,273,2.06593406593407
48,4,34,4.20588235294118
48,5,2,NA
49,-7,66,NA
49,-6,978,NA
49,-5,6238,0.00384738698300737
49,-4,22670,0.00639611821790913
49,-3,49100,0.0157637474541752
49,-2,75982,0.0853754836671843
49,-1,148814,0.253282621258753
49,0,218585,0.343244046938262
49,1,148814,0.290234789737525
49,2,75982,0.143020715432602
49,3,49100,0.044908350305499
49,4,22670,0.0348478164975739
49,5,6238,0.0224430907342097
49,6,978,0.0122699386503067
49,7,66,NA
50,-6,7,NA
50,-5,109,NA
50,-4,949,0.017913593256059
50,-3,5909,0.0538162125571163
50,-2,22965,0.134944480731548
50,-1,67741,0.327763097680873
50,0,100576,0.336660833598473
50,1,67741,0.390812063595164
50,2,22965,0.193119965164381
50,3,5909,0.127263496361482
50,4,949,0.150684931506849
50,5,109,0.00917431192660551
50,6,7,NA
51,-5,65,0.0307692307692308
51,-4,874,0.0263157894736842
51,-3,4074,0.0601374570446735
51,-2,10802,0.153027217182003
51,-1,18518,0.577492169780754
51,0,22538,1.46650102049871
51,1,18518,0.725078302192461
51,2,10802,0.231438622477319
51,3,4074,0.170348551791851
51,4,874,0.117848970251716
51,5,65,0.123076923076923
52,-5,6,NA
52,-4,112,0.0178571428571429
52,-3,713,0.1164095371669
52,-2,2385,0.449895178197065
52,-1,5333,1.43108944309019
52,0,7551,1.3089656999073
52,1,5333,1.58709919369961
52,2,2385,0.587002096436059
52,3,713,0.318373071528752
52,4,112,0.294642857142857
52,5,6,0.666666666666667
53,-8,5,NA
53,-7,377,NA
53,-6,4480,0.00223214285714286
53,-5,33150,0.00310708898944193
53,-4,191525,0.00581125179480486
53,-3,892353,0.0126564263245599
53,-2,2457628,0.026473900850739
53,-1,4604935,0.0578501108050387
53,0,5758710,0.137346732167447
53,1,4604935,0.0679455844653616
53,2,2457628,0.0329756985190598
53,3,892353,0.0196054700325992
53,4,191525,0.0166244615585433
53,5,33150,0.0180392156862745
53,6,4480,0.0015625
53,7,377,NA
53,8,5,NA
54,-9,426,NA
54,-8,4797,0.000416927246195539
54,-7,27947,0.000357820159587791
54,-6,126195,0.00110939419152898
54,-5,337093,0.00420655427433972
54,-4,763783,0.00605931265817647
54,-3,1296947,0.0121176886950662
54,-2,1832493,0.0353736685488021
54,-1,2975836,0.095227693999266
54,0,3845066,0.232861282485138
54,1,2975836,0.12725835697935
54,2,1832493,0.0485093258200713
54,3,1296947,0.0217572499107519
54,4,763783,0.0135221653270628
54,5,337093,0.0135363238038168
54,6,126195,0.0119973057569634
54,7,27947,0.00955379826099403
54,8,4797,0.00125078173858662
54,9,426,NA
55,-7,56,0.0178571428571429
55,-6,504,0.0277777777777778
55,-5,3612,0.326688815060908
55,-4,20710,0.131144374698213
55,-3,78687,0.125293885902373
55,-2,191402,0.127903574675291
55,-1,481120,0.162986365147988
55,0,721882,0.171156781856314
55,1,481120,0.181807033588294
55,2,191402,0.168948077867525
55,3,78687,0.145780116156417
55,4,20710,0.136262675036214
55,5,3612,0.142580287929125
55,6,504,0.30952380952381
55,7,56,0.214285714285714
56,-7,10,NA
56,-6,163,NA
56,-5,1629,0.0662983425414365
56,-4,11295,0.0688800354138999
56,-3,64629,0.0678178526667595
56,-2,227625,0.088439319055464
56,-1,666957,0.113295159957838
56,0,1117884,0.139523421034741
56,1,666957,0.126168553594909
56,2,227625,0.102919275123558
56,3,64629,0.110677869068065
56,4,11295,0.193536963258079
56,5,1629,0.141804788213628
56,6,163,0.0122699386503067
56,7,10,NA
57,-8,41,NA
57,-7,1484,0.00202156334231806
57,-6,26355,0.000682982356289129
57,-5,283446,0.00171814031596847
57,-4,2065982,0.00290854421771342
57,-3,10484694,0.0057959726817015
57,-2,36706318,0.010094365771037
57,-1,83809288,0.0179513516449398
57,0,111858548,0.0286892602968527
57,1,83809288,0.0220975269471324
57,2,36706318,0.0141582710638532
57,3,10484694,0.0114378159248138
57,4,2065982,0.0091457718411874
57,5,283446,0.00618107152685168
57,6,26355,0.00159362549800797
57,7,1484,0.000673854447439353
57,8,41,NA
58,-6,14,NA
58,-5,196,NA
58,-4,2300,0.0204347826086957
58,-3,15451,0.0601902789463465
58,-2,83105,0.161723121352506
58,-1,326373,0.282060709678803
58,0,911363,0.267942630982386
58,1,326373,0.327232951255159
58,2,83105,0.277564526803441
58,3,15451,0.510452397903048
58,4,2300,0.94695652173913
58,5,196,0.0816326530612245
58,6,14,NA
59,-6,30,NA
59,-5,928,0.00107758620689655
59,-4,6855,0.00102115244347192
59,-3,42872,0.0134353424146296
59,-2,149485,0.0457236512024618
59,-1,347788,0.127186676941125
59,0,675645,0.248315313515234
59,1,347788,0.213408743257387
59,2,149485,0.105080777335519
59,3,42872,0.100321888412017
59,4,6855,0.037928519328957
59,5,928,0.0355603448275862
59,6,30,NA
60,-5,51,NA
60,-4,968,0.00619834710743802
60,-3,8061,0.0511102840838606
60,-2,46210,0.111058212508115
60,-1,157511,0.245817752410943
60,0,240254,0.407235675576681
60,1,157511,0.348521690548597
60,2,46210,0.218956935728197
60,3,8061,0.27242277633048
60,4,968,0.520661157024793
60,5,51,1.31372549019608
61,-7,51,NA
61,-6,1587,NA
61,-5,20940,0.00396370582617001
61,-4,183068,0.00768020626215395
61,-3,1065526,0.0153755046803175
61,-2,4352262,0.02767365567606
61,-1,10409383,0.0395675709117436
61,0,14269615,0.0611616361058094
61,1,10409383,0.0476349078518872
61,2,4352262,0.0328711828469886
61,3,1065526,0.0260509832702346
61,4,183068,0.0340911573841414
61,5,20940,0.0659980897803247
61,6,1587,0.0850661625708885
61,7,51,NA
62,-6,84,NA
62,-5,1244,0.00321543408360129
62,-4,9293,0.0104379640589691
62,-3,43134,0.0344971484211991
62,-2,156870,0.079830432842481
62,-1,340552,0.183889684982029
62,0,559167,0.245139645222268
62,1,340552,0.228737461533041
62,2,156870,0.10113469752024
62,3,43134,0.0981360411740159
62,4,9293,0.177768212633165
62,5,1244,0.264469453376206
62,6,84,0.523809523809524
63,-6,52,NA
63,-5,1046,0.00669216061185468
63,-4,9000,0.0201111111111111
63,-3,51735,0.0430849521600464
63,-2,209151,0.0717567690328997
63,-1,508319,0.131535512148867
63,0,688395,0.208836496488208
63,1,508319,0.15316169570683
63,2,209151,0.099392305081018
63,3,51735,0.0665313617473664
63,4,9000,0.0751111111111111
63,5,1046,0.116634799235182
63,6,52,NA
64,-6,12,NA
64,-5,520,NA
64,-4,3632,0.00330396475770925
64,-3,17856,0.0187051971326165
64,-2,82460,0.0764855687606112
64,-1,359342,0.123472903250942
64,0,587717,0.259408865151085
64,1,359342,0.137303738499814
64,2,82460,0.111702643706039
64,3,17856,0.110831093189964
64,4,3632,0.293777533039648
64,5,520,0.211538461538462
64,6,12,NA
65,-4,6,NA
65,-3,139,0.0215827338129496
65,-2,734,0.192098092643052
65,-1,3737,0.802515386673803
65,0,12672,0.326231060606061
65,1,3737,1.04174471501204
65,2,734,0.333787465940054
65,3,139,0.0215827338129496
65,4,6,NA
66,-6,3,NA
66,-5,102,NA
66,-4,1576,0.00380710659898477
66,-3,15485,0.0139489828866645
66,-2,91487,0.0372184026145791
66,-1,289845,0.0864496541254808
66,0,428453,0.0918747213813417
66,1,289845,0.108357915437561
66,2,91487,0.0732125875807492
66,3,15485,0.0725863739102357
66,4,1576,0.0552030456852792
66,5,102,0.0490196078431373
66,6,3,NA
67,-6,13,NA
67,-5,245,0.118367346938776
67,-4,2418,0.148056244830438
67,-3,19516,0.136810821889732
67,-2,79510,0.141466482203496
67,-1,328335,0.183535108958838
67,0,640551,0.170729575006518
67,1,328335,0.217741026695296
67,2,79510,0.17929820148409
67,3,19516,0.099713055954089
67,4,2418,0.0959470636889992
67,5,245,0.114285714285714
67,6,13,NA
68,-4,28,NA
68,-3,439,0.0250569476082005
68,-2,2735,0.335648994515539
68,-1,13833,0.744017928142847
68,0,48299,0.525145448145924
68,1,13833,0.861056892937179
68,2,2735,0.448628884826325
68,3,439,0.0136674259681093
68,4,28,NA
69,-6,8,NA
69,-5,329,NA
69,-4,3593,0.00111327581408294
69,-3,18888,0.00508259212198221
69,-2,75114,0.0258673482972548
69,-1,177235,0.0788331875758174
69,0,236435,0.0828388351978345
69,1,177235,0.0951222952577087
69,2,75114,0.0460100647016535
69,3,18888,0.0325074121135112
69,4,3593,0.0105761202337879
69,5,329,0.0151975683890578
69,6,8,NA
70,-5,20,NA
70,-4,628,0.0700636942675159
70,-3,7218,0.201163757273483
70,-2,43069,0.337365622605586
70,-1,169018,0.337336851696269
70,0,270743,0.425185508027908
70,1,169018,0.451886781289567
70,2,43069,0.489029232162344
70,3,7218,0.456497644776947
70,4,628,0.697452229299363
70,5,20,0.55
71,-7,1,NA
71,-6,143,NA
71,-5,1319,NA
71,-4,6616,0.0030229746070133
71,-3,52116,0.0106685087113363
71,-2,347927,0.0251748211550124
71,-1,1372184,0.047497274418008
71,0,2141932,0.0790949479255177
71,1,1372184,0.064190370970657
71,2,347927,0.0436298418921211
71,3,52116,0.0425013431575716
71,4,6616,0.0867593712212817
71,5,1319,0.020470053070508
71,6,143,NA
71,7,1,NA
72,-7,8,NA
72,-6,140,0.0142857142857143
72,-5,967,0.0165460186142709
72,-4,3632,0.0267070484581498
72,-3,8761,0.0940531902750828
72,-2,23707,0.188931539207829
72,-1,55310,0.395353462303381
72,0,80175,0.58702837542875
72,1,55310,0.448309528114265
72,2,23707,0.251486902602607
72,3,8761,0.164935509645018
72,4,3632,0.0473568281938326
72,5,967,0.0062047569803516
72,6,140,NA
72,7,8,NA
73,-6,9,NA
73,-5,397,NA
73,-4,6139,0.0141716892001955
73,-3,43089,0.0260855438743067
73,-2,175212,0.0483129009428578
73,-1,358454,0.134477506179315
73,0,541649,0.173139800867351
73,1,358454,0.142860729689165
73,2,175212,0.060498139396845
73,3,43089,0.0645640418668338
73,4,6139,0.169245805505783
73,5,397,0.536523929471033
73,6,9,NA
74,-9,34,NA
74,-8,843,NA
74,-7,9139,NA
74,-6,61785,0.000275147689568666
74,-5,354395,0.00297972601193583
74,-4,1837118,0.00516569975363586
74,-3,6467979,0.00569281378309978
74,-2,14427522,0.0089388184609942
74,-1,42600213,0.0144527446376853
74,0,118785985,0.0197053802264638
74,1,42600213,0.0153548293291398
74,2,14427522,0.00867501709579788
74,3,6467979,0.00521584872183414
74,4,1837118,0.00951816921939691
74,5,354395,0.0203642827918001
74,6,61785,0.00419195597636967
74,7,9139,0.0216653900864427
74,8,843,NA
74,9,34,NA
75,-3,12,NA
75,-2,328,0.51219512195122
75,-1,2529,1.22736259391064
75,0,6362,0.988682804149638
75,1,2529,1.26650850138395
75,2,328,0.481707317073171
75,3,12,NA
76,-4,36,NA
76,-3,463,0.0496760259179266
76,-2,3253,0.205963725791577
76,-1,7727,0.715801734178853
76,0,10531,0.906941411072073
76,1,7727,0.858547948751132
76,2,3253,0.351060559483554
76,3,463,0.127429805615551
76,4,36,NA
77,-6,6,NA
77,-5,264,0.0189393939393939
77,-4,2768,0.0249277456647399
77,-3,12089,0.049880056249483
77,-2,41033,0.0917554163721882
77,-1,125257,0.136838659715625
77,0,195175,0.118032534904573
77,1,125257,0.150674213816394
77,2,41033,0.104501255087369
77,3,12089,0.0798246339647614
77,4,2768,0.0592485549132948
77,5,264,0.0340909090909091
77,6,6,NA
78,-6,81,0.0123456790123457
78,-5,875,0.0125714285714286
78,-4,8646,0.066851723340273
78,-3,40493,0.072234707233349
78,-2,97696,0.113873648869964
78,-1,163808,0.247875561633131
78,0,204902,0.580360367395145
78,1,163808,0.298941443641336
78,2,97696,0.1448575171962
78,3,40493,0.10162250265478
78,4,8646,0.0847790885958825
78,5,875,0.00571428571428571
78,6,81,0.0123456790123457
79,-6,23,NA
79,-5,1647,0.00303582270795386
79,-4,21703,0.0029489010735843
79,-3,140763,0.0109190625377407
79,-2,649017,0.0264322814348469
79,-1,2041317,0.0496821414802305
79,0,3243124,0.0628872038195271
79,1,2041317,0.0632929623375497
79,2,649017,0.0494624948190879
79,3,140763,0.0720430795024261
79,4,21703,0.136847440446021
79,5,1647,0.00546448087431694
79,6,23,NA
80,-6,74,NA
80,-5,1241,0.016116035455278
80,-4,10005,0.0144927536231884
80,-3,49910,0.0329593267882188
80,-2,135389,0.0873556935940143
80,-1,184475,0.258923973438135
80,0,292541,0.311156384916986
80,1,184475,0.297872340425532
80,2,135389,0.1387040306081
80,3,49910,0.11705069124424
80,4,10005,0.133933033483258
80,5,1241,0.530217566478646
80,6,74,NA
81,-9,116,NA
81,-8,2068,NA
81,-7,22686,0.000176320197478621
81,-6,180206,0.00138730119973808
81,-5,1094793,0.00209628669529308
81,-4,5247639,0.00515546134175769
81,-3,17687462,0.0100438943699215
81,-2,39428260,0.0194863024642732
81,-1,70950233,0.018682602494061
81,0,106628843,0.0415897319639857
81,1,70950233,0.0193020084937565
81,2,39428260,0.0121617844662685
81,3,17687462,0.0100298166011608
81,4,5247639,0.00781322800596612
81,5,1094793,0.00479451366605376
81,6,180206,0.00231956760596207
81,7,22686,0.000573040641805519
81,8,2068,NA
81,9,116,NA
82,-5,20,0.25
82,-4,178,0.269662921348315
82,-3,776,1.33247422680412
82,-2,2748,2.13464337700146
82,-1,5121,2.74926772114821
82,0,7278,2.87991206375378
82,1,5121,2.55907049404413
82,2,2748,2.1433770014556
82,3,776,2.02319587628866
82,4,178,0.848314606741573
82,5,20,2.2
83,-4,1,NA
83,-3,71,0.352112676056338
83,-2,556,0.809352517985611
83,-1,1917,3.04225352112676
83,0,4711,2.39885374655063
83,1,1917,4.10537297861242
83,2,556,2.03956834532374
83,3,71,0.816901408450704
83,4,1,NA
84,-5,172,NA
84,-4,1133,0.12621359223301
84,-3,5197,0.358668462574562
84,-2,23834,0.390031048082571
84,-1,32647,0.90743406744877
84,0,54659,1.38630417680528
84,1,32647,1.0052378472754
84,2,23834,0.544642107913065
84,3,5197,0.458726188185492
84,4,1133,0.40423654015887
84,5,172,0.633720930232558
85,-7,61,NA
85,-6,530,0.0169811320754717
85,-5,4012,0.152293120638086
85,-4,14338,0.185939461570651
85,-3,30499,0.186333978163218
85,-2,46720,0.18794948630137
85,-1,84744,0.338855848201643
85,0,117056,0.904635388190268
85,1,84744,0.380841121495327
85,2,46720,0.202654109589041
85,3,30499,0.170431817436637
85,4,14338,0.134537592411773
85,5,4012,0.0246759720837488
85,6,530,0.0773584905660377
85,7,61,NA
86,-7,383,NA
86,-6,6813,0.000440334654337296
86,-5,38937,0.00942548218917739
86,-4,154586,0.0241871838329474
86,-3,533375,0.0466632294352004
86,-2,950083,0.0922277316823898
86,-1,1475585,0.159389665793567
86,0,1934605,0.237046839018818
86,1,1475585,0.186052989153454
86,2,950083,0.12134729281547
86,3,533375,0.0688183735645653
86,4,154586,0.0589833490743017
86,5,38937,0.0542157844723528
86,6,6813,0.0432995743431675
86,7,383,0.0261096605744125
87,-5,90,NA
87,-4,629,0.0365659777424483
87,-3,2366,0.105663567202029
87,-2,4872,0.432676518883415
87,-1,11624,0.725309704060564
87,0,17482,0.908420089234641
87,1,11624,0.847470750172058
87,2,4872,0.575328407224959
87,3,2366,0.267962806424345
87,4,629,0.308426073131955
87,5,90,0.244444444444444
88,-6,26,NA
88,-5,230,NA
88,-4,1449,0.0358868184955141
88,-3,6215,0.109412711182623
88,-2,19454,0.196514855556698
88,-1,40072,0.367014374126572
88,0,56952,0.479789998595308
88,1,40072,0.452335795567978
88,2,19454,0.327901716870566
88,3,6215,0.275784392598552
88,4,1449,0.322981366459627
88,5,230,0.343478260869565
88,6,26,NA
